ISO-10303-21;
HEADER;
/* Generated by software containing ST-Developer
 * from STEP Tools, Inc. (www.steptools.com) 
 */

FILE_DESCRIPTION(
/* description */ (''),
/* implementation_level */ '2;1');

FILE_NAME(
/* name */ 'MagGrid L.step',
/* time_stamp */ '2026-08-06T10:15:30-07:00',
/* author */ (''),
/* organization */ (''),
/* preprocessor_version */ 'ST-DEVELOPER v20.1',
/* originating_system */ 'Autodesk Translation Framework v15.8.0.0',
/* authorisation */ '');

FILE_SCHEMA (('AUTOMOTIVE_DESIGN { 1 0 10303 214 3 1 1 }'));
ENDSEC;

DATA;
#10=MECHANICAL_DESIGN_GEOMETRIC_PRESENTATION_REPRESENTATION('',(#13),#3291);
#11=SHAPE_REPRESENTATION_RELATIONSHIP('SRR','None',#3298,#12);
#12=ADVANCED_BREP_SHAPE_REPRESENTATION('',(#1939),#3290);
#13=STYLED_ITEM('',(#3307),#1939);
#14=CONICAL_SURFACE('',#2078,4.50000000000001,0.785398163397441);
#15=CONICAL_SURFACE('',#2082,4.49999999999999,0.785398163397454);
#16=CONICAL_SURFACE('',#2086,4.49999999999999,0.785398163397447);
#17=CONICAL_SURFACE('',#2090,4.49999999999999,0.785398163397457);
#18=CONICAL_SURFACE('',#2094,4.5,0.785398163397449);
#19=CONICAL_SURFACE('',#2098,5.5,0.785398163397447);
#20=FACE_BOUND('',#634,.T.);
#21=FACE_BOUND('',#636,.T.);
#22=FACE_BOUND('',#663,.T.);
#23=FACE_BOUND('',#665,.T.);
#24=FACE_BOUND('',#666,.T.);
#25=FACE_BOUND('',#669,.T.);
#26=FACE_BOUND('',#673,.T.);
#27=FACE_BOUND('',#676,.T.);
#28=FACE_BOUND('',#677,.T.);
#29=ORIENTED_CLOSED_SHELL('',*,#1930,.F.);
#30=ORIENTED_CLOSED_SHELL('',*,#1931,.F.);
#31=ORIENTED_CLOSED_SHELL('',*,#1932,.F.);
#32=ORIENTED_CLOSED_SHELL('',*,#1933,.F.);
#33=ORIENTED_CLOSED_SHELL('',*,#1935,.F.);
#34=ORIENTED_CLOSED_SHELL('',*,#1936,.F.);
#35=ORIENTED_CLOSED_SHELL('',*,#1937,.F.);
#36=ORIENTED_CLOSED_SHELL('',*,#1938,.F.);
#37=LINE('',#2739,#223);
#38=LINE('',#2747,#224);
#39=LINE('',#2755,#225);
#40=LINE('',#2763,#226);
#41=LINE('',#2770,#227);
#42=LINE('',#2773,#228);
#43=LINE('',#2776,#229);
#44=LINE('',#2778,#230);
#45=LINE('',#2779,#231);
#46=LINE('',#2782,#232);
#47=LINE('',#2784,#233);
#48=LINE('',#2785,#234);
#49=LINE('',#2790,#235);
#50=LINE('',#2794,#236);
#51=LINE('',#2796,#237);
#52=LINE('',#2797,#238);
#53=LINE('',#2799,#239);
#54=LINE('',#2800,#240);
#55=LINE('',#2805,#241);
#56=LINE('',#2807,#242);
#57=LINE('',#2809,#243);
#58=LINE('',#2810,#244);
#59=LINE('',#2813,#245);
#60=LINE('',#2815,#246);
#61=LINE('',#2816,#247);
#62=LINE('',#2821,#248);
#63=LINE('',#2825,#249);
#64=LINE('',#2827,#250);
#65=LINE('',#2828,#251);
#66=LINE('',#2831,#252);
#67=LINE('',#2833,#253);
#68=LINE('',#2834,#254);
#69=LINE('',#2842,#255);
#70=LINE('',#2844,#256);
#71=LINE('',#2846,#257);
#72=LINE('',#2847,#258);
#73=LINE('',#2852,#259);
#74=LINE('',#2856,#260);
#75=LINE('',#2858,#261);
#76=LINE('',#2859,#262);
#77=LINE('',#2862,#263);
#78=LINE('',#2864,#264);
#79=LINE('',#2865,#265);
#80=LINE('',#2870,#266);
#81=LINE('',#2873,#267);
#82=LINE('',#2874,#268);
#83=LINE('',#2881,#269);
#84=LINE('',#2884,#270);
#85=LINE('',#2887,#271);
#86=LINE('',#2889,#272);
#87=LINE('',#2890,#273);
#88=LINE('',#2893,#274);
#89=LINE('',#2895,#275);
#90=LINE('',#2896,#276);
#91=LINE('',#2901,#277);
#92=LINE('',#2905,#278);
#93=LINE('',#2907,#279);
#94=LINE('',#2908,#280);
#95=LINE('',#2910,#281);
#96=LINE('',#2911,#282);
#97=LINE('',#2916,#283);
#98=LINE('',#2918,#284);
#99=LINE('',#2920,#285);
#100=LINE('',#2921,#286);
#101=LINE('',#2924,#287);
#102=LINE('',#2926,#288);
#103=LINE('',#2927,#289);
#104=LINE('',#2932,#290);
#105=LINE('',#2936,#291);
#106=LINE('',#2938,#292);
#107=LINE('',#2939,#293);
#108=LINE('',#2942,#294);
#109=LINE('',#2944,#295);
#110=LINE('',#2945,#296);
#111=LINE('',#2953,#297);
#112=LINE('',#2955,#298);
#113=LINE('',#2957,#299);
#114=LINE('',#2958,#300);
#115=LINE('',#2963,#301);
#116=LINE('',#2967,#302);
#117=LINE('',#2969,#303);
#118=LINE('',#2970,#304);
#119=LINE('',#2973,#305);
#120=LINE('',#2975,#306);
#121=LINE('',#2976,#307);
#122=LINE('',#2981,#308);
#123=LINE('',#2984,#309);
#124=LINE('',#2985,#310);
#125=LINE('',#2990,#311);
#126=LINE('',#2992,#312);
#127=LINE('',#2994,#313);
#128=LINE('',#2995,#314);
#129=LINE('',#2998,#315);
#130=LINE('',#3000,#316);
#131=LINE('',#3001,#317);
#132=LINE('',#3006,#318);
#133=LINE('',#3010,#319);
#134=LINE('',#3012,#320);
#135=LINE('',#3013,#321);
#136=LINE('',#3016,#322);
#137=LINE('',#3018,#323);
#138=LINE('',#3019,#324);
#139=LINE('',#3027,#325);
#140=LINE('',#3029,#326);
#141=LINE('',#3031,#327);
#142=LINE('',#3032,#328);
#143=LINE('',#3035,#329);
#144=LINE('',#3037,#330);
#145=LINE('',#3038,#331);
#146=LINE('',#3043,#332);
#147=LINE('',#3047,#333);
#148=LINE('',#3049,#334);
#149=LINE('',#3050,#335);
#150=LINE('',#3053,#336);
#151=LINE('',#3055,#337);
#152=LINE('',#3056,#338);
#153=LINE('',#3066,#339);
#154=LINE('',#3069,#340);
#155=LINE('',#3073,#341);
#156=LINE('',#3077,#342);
#157=LINE('',#3081,#343);
#158=LINE('',#3085,#344);
#159=LINE('',#3089,#345);
#160=LINE('',#3093,#346);
#161=LINE('',#3096,#347);
#162=LINE('',#3100,#348);
#163=LINE('',#3104,#349);
#164=LINE('',#3108,#350);
#165=LINE('',#3112,#351);
#166=LINE('',#3115,#352);
#167=LINE('',#3118,#353);
#168=LINE('',#3119,#354);
#169=LINE('',#3123,#355);
#170=LINE('',#3125,#356);
#171=LINE('',#3127,#357);
#172=LINE('',#3128,#358);
#173=LINE('',#3132,#359);
#174=LINE('',#3138,#360);
#175=LINE('',#3139,#361);
#176=LINE('',#3140,#362);
#177=LINE('',#3144,#363);
#178=LINE('',#3150,#364);
#179=LINE('',#3151,#365);
#180=LINE('',#3152,#366);
#181=LINE('',#3156,#367);
#182=LINE('',#3162,#368);
#183=LINE('',#3163,#369);
#184=LINE('',#3164,#370);
#185=LINE('',#3168,#371);
#186=LINE('',#3174,#372);
#187=LINE('',#3175,#373);
#188=LINE('',#3176,#374);
#189=LINE('',#3180,#375);
#190=LINE('',#3186,#376);
#191=LINE('',#3187,#377);
#192=LINE('',#3188,#378);
#193=LINE('',#3193,#379);
#194=LINE('',#3194,#380);
#195=LINE('',#3196,#381);
#196=LINE('',#3198,#382);
#197=LINE('',#3200,#383);
#198=LINE('',#3202,#384);
#199=LINE('',#3204,#385);
#200=LINE('',#3207,#386);
#201=LINE('',#3209,#387);
#202=LINE('',#3211,#388);
#203=LINE('',#3213,#389);
#204=LINE('',#3215,#390);
#205=LINE('',#3219,#391);
#206=LINE('',#3220,#392);
#207=LINE('',#3224,#393);
#208=LINE('',#3225,#394);
#209=LINE('',#3226,#395);
#210=LINE('',#3230,#396);
#211=LINE('',#3233,#397);
#212=LINE('',#3234,#398);
#213=LINE('',#3241,#399);
#214=LINE('',#3245,#400);
#215=LINE('',#3248,#401);
#216=LINE('',#3249,#402);
#217=LINE('',#3251,#403);
#218=LINE('',#3253,#404);
#219=LINE('',#3262,#405);
#220=LINE('',#3270,#406);
#221=LINE('',#3278,#407);
#222=LINE('',#3286,#408);
#223=VECTOR('',#2160,4.1);
#224=VECTOR('',#2171,4.1);
#225=VECTOR('',#2182,4.1);
#226=VECTOR('',#2193,4.1);
#227=VECTOR('',#2200,10.);
#228=VECTOR('',#2203,10.);
#229=VECTOR('',#2206,10.);
#230=VECTOR('',#2207,10.);
#231=VECTOR('',#2208,10.);
#232=VECTOR('',#2211,10.);
#233=VECTOR('',#2212,10.);
#234=VECTOR('',#2213,10.);
#235=VECTOR('',#2218,10.);
#236=VECTOR('',#2223,10.);
#237=VECTOR('',#2224,10.);
#238=VECTOR('',#2225,10.);
#239=VECTOR('',#2228,10.);
#240=VECTOR('',#2229,10.);
#241=VECTOR('',#2234,10.);
#242=VECTOR('',#2235,10.);
#243=VECTOR('',#2236,10.);
#244=VECTOR('',#2237,10.);
#245=VECTOR('',#2240,10.);
#246=VECTOR('',#2241,10.);
#247=VECTOR('',#2242,10.);
#248=VECTOR('',#2247,10.);
#249=VECTOR('',#2252,10.);
#250=VECTOR('',#2253,10.);
#251=VECTOR('',#2254,10.);
#252=VECTOR('',#2257,10.);
#253=VECTOR('',#2258,10.);
#254=VECTOR('',#2259,10.);
#255=VECTOR('',#2270,10.);
#256=VECTOR('',#2271,10.);
#257=VECTOR('',#2272,10.);
#258=VECTOR('',#2273,10.);
#259=VECTOR('',#2278,10.);
#260=VECTOR('',#2283,10.);
#261=VECTOR('',#2284,10.);
#262=VECTOR('',#2285,10.);
#263=VECTOR('',#2288,10.);
#264=VECTOR('',#2289,10.);
#265=VECTOR('',#2290,10.);
#266=VECTOR('',#2295,10.);
#267=VECTOR('',#2300,10.);
#268=VECTOR('',#2301,10.);
#269=VECTOR('',#2308,10.);
#270=VECTOR('',#2311,10.);
#271=VECTOR('',#2314,10.);
#272=VECTOR('',#2315,10.);
#273=VECTOR('',#2316,10.);
#274=VECTOR('',#2319,10.);
#275=VECTOR('',#2320,10.);
#276=VECTOR('',#2321,10.);
#277=VECTOR('',#2326,10.);
#278=VECTOR('',#2331,10.);
#279=VECTOR('',#2332,10.);
#280=VECTOR('',#2333,10.);
#281=VECTOR('',#2336,10.);
#282=VECTOR('',#2337,10.);
#283=VECTOR('',#2342,10.);
#284=VECTOR('',#2343,10.);
#285=VECTOR('',#2344,10.);
#286=VECTOR('',#2345,10.);
#287=VECTOR('',#2348,10.);
#288=VECTOR('',#2349,10.);
#289=VECTOR('',#2350,10.);
#290=VECTOR('',#2355,10.);
#291=VECTOR('',#2360,10.);
#292=VECTOR('',#2361,10.);
#293=VECTOR('',#2362,10.);
#294=VECTOR('',#2365,10.);
#295=VECTOR('',#2366,10.);
#296=VECTOR('',#2367,10.);
#297=VECTOR('',#2378,10.);
#298=VECTOR('',#2379,10.);
#299=VECTOR('',#2380,10.);
#300=VECTOR('',#2381,10.);
#301=VECTOR('',#2386,10.);
#302=VECTOR('',#2391,10.);
#303=VECTOR('',#2392,10.);
#304=VECTOR('',#2393,10.);
#305=VECTOR('',#2396,10.);
#306=VECTOR('',#2397,10.);
#307=VECTOR('',#2398,10.);
#308=VECTOR('',#2403,10.);
#309=VECTOR('',#2408,10.);
#310=VECTOR('',#2409,10.);
#311=VECTOR('',#2414,10.);
#312=VECTOR('',#2415,10.);
#313=VECTOR('',#2416,10.);
#314=VECTOR('',#2417,10.);
#315=VECTOR('',#2420,10.);
#316=VECTOR('',#2421,10.);
#317=VECTOR('',#2422,10.);
#318=VECTOR('',#2427,10.);
#319=VECTOR('',#2432,10.);
#320=VECTOR('',#2433,10.);
#321=VECTOR('',#2434,10.);
#322=VECTOR('',#2437,10.);
#323=VECTOR('',#2438,10.);
#324=VECTOR('',#2439,10.);
#325=VECTOR('',#2450,10.);
#326=VECTOR('',#2451,10.);
#327=VECTOR('',#2452,10.);
#328=VECTOR('',#2453,10.);
#329=VECTOR('',#2456,10.);
#330=VECTOR('',#2457,10.);
#331=VECTOR('',#2458,10.);
#332=VECTOR('',#2463,10.);
#333=VECTOR('',#2468,10.);
#334=VECTOR('',#2469,10.);
#335=VECTOR('',#2470,10.);
#336=VECTOR('',#2473,10.);
#337=VECTOR('',#2474,10.);
#338=VECTOR('',#2475,10.);
#339=VECTOR('',#2488,10.);
#340=VECTOR('',#2491,10.);
#341=VECTOR('',#2494,10.);
#342=VECTOR('',#2497,10.);
#343=VECTOR('',#2500,10.);
#344=VECTOR('',#2503,10.);
#345=VECTOR('',#2506,10.);
#346=VECTOR('',#2509,10.);
#347=VECTOR('',#2512,10.);
#348=VECTOR('',#2515,10.);
#349=VECTOR('',#2518,10.);
#350=VECTOR('',#2521,10.);
#351=VECTOR('',#2524,10.);
#352=VECTOR('',#2527,10.);
#353=VECTOR('',#2530,10.);
#354=VECTOR('',#2531,10.);
#355=VECTOR('',#2534,10.);
#356=VECTOR('',#2535,10.);
#357=VECTOR('',#2536,10.);
#358=VECTOR('',#2537,10.);
#359=VECTOR('',#2540,10.);
#360=VECTOR('',#2547,10.);
#361=VECTOR('',#2548,10.);
#362=VECTOR('',#2549,10.);
#363=VECTOR('',#2552,10.);
#364=VECTOR('',#2559,10.);
#365=VECTOR('',#2560,10.);
#366=VECTOR('',#2561,10.);
#367=VECTOR('',#2564,10.);
#368=VECTOR('',#2571,10.);
#369=VECTOR('',#2572,10.);
#370=VECTOR('',#2573,10.);
#371=VECTOR('',#2576,10.);
#372=VECTOR('',#2583,10.);
#373=VECTOR('',#2584,10.);
#374=VECTOR('',#2585,10.);
#375=VECTOR('',#2588,10.);
#376=VECTOR('',#2595,10.);
#377=VECTOR('',#2596,10.);
#378=VECTOR('',#2597,10.);
#379=VECTOR('',#2606,10.);
#380=VECTOR('',#2607,10.);
#381=VECTOR('',#2610,10.);
#382=VECTOR('',#2613,10.);
#383=VECTOR('',#2616,10.);
#384=VECTOR('',#2619,10.);
#385=VECTOR('',#2622,10.);
#386=VECTOR('',#2627,10.);
#387=VECTOR('',#2630,10.);
#388=VECTOR('',#2633,10.);
#389=VECTOR('',#2636,10.);
#390=VECTOR('',#2639,10.);
#391=VECTOR('',#2644,10.);
#392=VECTOR('',#2645,10.);
#393=VECTOR('',#2648,10.);
#394=VECTOR('',#2649,10.);
#395=VECTOR('',#2650,10.);
#396=VECTOR('',#2655,10.);
#397=VECTOR('',#2658,10.);
#398=VECTOR('',#2659,10.);
#399=VECTOR('',#2668,10.);
#400=VECTOR('',#2671,10.);
#401=VECTOR('',#2676,10.);
#402=VECTOR('',#2677,10.);
#403=VECTOR('',#2680,10.);
#404=VECTOR('',#2683,10.);
#405=VECTOR('',#2696,4.1);
#406=VECTOR('',#2707,4.1);
#407=VECTOR('',#2718,4.1);
#408=VECTOR('',#2729,4.1);
#409=CYLINDRICAL_SURFACE('',#1955,4.1);
#410=CYLINDRICAL_SURFACE('',#1960,4.1);
#411=CYLINDRICAL_SURFACE('',#1965,4.1);
#412=CYLINDRICAL_SURFACE('',#1970,4.1);
#413=CYLINDRICAL_SURFACE('',#1973,4.1);
#414=CYLINDRICAL_SURFACE('',#1978,4.1);
#415=CYLINDRICAL_SURFACE('',#1986,4.1);
#416=CYLINDRICAL_SURFACE('',#1991,4.1);
#417=CYLINDRICAL_SURFACE('',#1996,4.1);
#418=CYLINDRICAL_SURFACE('',#2001,4.1);
#419=CYLINDRICAL_SURFACE('',#2006,4.1);
#420=CYLINDRICAL_SURFACE('',#2011,4.1);
#421=CYLINDRICAL_SURFACE('',#2019,4.09999999999998);
#422=CYLINDRICAL_SURFACE('',#2024,4.10000000000001);
#423=CYLINDRICAL_SURFACE('',#2029,4.09999999999998);
#424=CYLINDRICAL_SURFACE('',#2034,4.1);
#425=CYLINDRICAL_SURFACE('',#2041,4.1);
#426=CYLINDRICAL_SURFACE('',#2046,4.09999999999999);
#427=CYLINDRICAL_SURFACE('',#2052,4.09999999999999);
#428=CYLINDRICAL_SURFACE('',#2057,4.1);
#429=CYLINDRICAL_SURFACE('',#2061,7.5);
#430=CYLINDRICAL_SURFACE('',#2101,4.99999999999999);
#431=CYLINDRICAL_SURFACE('',#2103,5.);
#432=CYLINDRICAL_SURFACE('',#2105,5.);
#433=CYLINDRICAL_SURFACE('',#2108,5.);
#434=CYLINDRICAL_SURFACE('',#2111,5.);
#435=CYLINDRICAL_SURFACE('',#2113,5.);
#436=CYLINDRICAL_SURFACE('',#2116,2.5);
#437=CYLINDRICAL_SURFACE('',#2119,2.5);
#438=CYLINDRICAL_SURFACE('',#2126,2.5);
#439=CYLINDRICAL_SURFACE('',#2128,2.5);
#440=CYLINDRICAL_SURFACE('',#2129,2.49999999999999);
#441=CYLINDRICAL_SURFACE('',#2132,4.1);
#442=CYLINDRICAL_SURFACE('',#2137,4.1);
#443=CYLINDRICAL_SURFACE('',#2142,4.1);
#444=CYLINDRICAL_SURFACE('',#2147,4.1);
#445=FACE_OUTER_BOUND('',#564,.T.);
#446=FACE_OUTER_BOUND('',#565,.T.);
#447=FACE_OUTER_BOUND('',#566,.T.);
#448=FACE_OUTER_BOUND('',#567,.T.);
#449=FACE_OUTER_BOUND('',#568,.T.);
#450=FACE_OUTER_BOUND('',#569,.T.);
#451=FACE_OUTER_BOUND('',#570,.T.);
#452=FACE_OUTER_BOUND('',#571,.T.);
#453=FACE_OUTER_BOUND('',#572,.T.);
#454=FACE_OUTER_BOUND('',#573,.T.);
#455=FACE_OUTER_BOUND('',#574,.T.);
#456=FACE_OUTER_BOUND('',#575,.T.);
#457=FACE_OUTER_BOUND('',#576,.T.);
#458=FACE_OUTER_BOUND('',#577,.T.);
#459=FACE_OUTER_BOUND('',#578,.T.);
#460=FACE_OUTER_BOUND('',#579,.T.);
#461=FACE_OUTER_BOUND('',#580,.T.);
#462=FACE_OUTER_BOUND('',#581,.T.);
#463=FACE_OUTER_BOUND('',#582,.T.);
#464=FACE_OUTER_BOUND('',#583,.T.);
#465=FACE_OUTER_BOUND('',#584,.T.);
#466=FACE_OUTER_BOUND('',#585,.T.);
#467=FACE_OUTER_BOUND('',#586,.T.);
#468=FACE_OUTER_BOUND('',#587,.T.);
#469=FACE_OUTER_BOUND('',#588,.T.);
#470=FACE_OUTER_BOUND('',#589,.T.);
#471=FACE_OUTER_BOUND('',#590,.T.);
#472=FACE_OUTER_BOUND('',#591,.T.);
#473=FACE_OUTER_BOUND('',#592,.T.);
#474=FACE_OUTER_BOUND('',#593,.T.);
#475=FACE_OUTER_BOUND('',#594,.T.);
#476=FACE_OUTER_BOUND('',#595,.T.);
#477=FACE_OUTER_BOUND('',#596,.T.);
#478=FACE_OUTER_BOUND('',#597,.T.);
#479=FACE_OUTER_BOUND('',#598,.T.);
#480=FACE_OUTER_BOUND('',#599,.T.);
#481=FACE_OUTER_BOUND('',#600,.T.);
#482=FACE_OUTER_BOUND('',#601,.T.);
#483=FACE_OUTER_BOUND('',#602,.T.);
#484=FACE_OUTER_BOUND('',#603,.T.);
#485=FACE_OUTER_BOUND('',#604,.T.);
#486=FACE_OUTER_BOUND('',#605,.T.);
#487=FACE_OUTER_BOUND('',#606,.T.);
#488=FACE_OUTER_BOUND('',#607,.T.);
#489=FACE_OUTER_BOUND('',#608,.T.);
#490=FACE_OUTER_BOUND('',#609,.T.);
#491=FACE_OUTER_BOUND('',#610,.T.);
#492=FACE_OUTER_BOUND('',#611,.T.);
#493=FACE_OUTER_BOUND('',#612,.T.);
#494=FACE_OUTER_BOUND('',#613,.T.);
#495=FACE_OUTER_BOUND('',#614,.T.);
#496=FACE_OUTER_BOUND('',#615,.T.);
#497=FACE_OUTER_BOUND('',#616,.T.);
#498=FACE_OUTER_BOUND('',#617,.T.);
#499=FACE_OUTER_BOUND('',#618,.T.);
#500=FACE_OUTER_BOUND('',#619,.T.);
#501=FACE_OUTER_BOUND('',#620,.T.);
#502=FACE_OUTER_BOUND('',#621,.T.);
#503=FACE_OUTER_BOUND('',#622,.T.);
#504=FACE_OUTER_BOUND('',#623,.T.);
#505=FACE_OUTER_BOUND('',#624,.T.);
#506=FACE_OUTER_BOUND('',#625,.T.);
#507=FACE_OUTER_BOUND('',#626,.T.);
#508=FACE_OUTER_BOUND('',#627,.T.);
#509=FACE_OUTER_BOUND('',#628,.T.);
#510=FACE_OUTER_BOUND('',#629,.T.);
#511=FACE_OUTER_BOUND('',#630,.T.);
#512=FACE_OUTER_BOUND('',#631,.T.);
#513=FACE_OUTER_BOUND('',#632,.T.);
#514=FACE_OUTER_BOUND('',#633,.T.);
#515=FACE_OUTER_BOUND('',#635,.T.);
#516=FACE_OUTER_BOUND('',#637,.T.);
#517=FACE_OUTER_BOUND('',#638,.T.);
#518=FACE_OUTER_BOUND('',#639,.T.);
#519=FACE_OUTER_BOUND('',#640,.T.);
#520=FACE_OUTER_BOUND('',#641,.T.);
#521=FACE_OUTER_BOUND('',#642,.T.);
#522=FACE_OUTER_BOUND('',#643,.T.);
#523=FACE_OUTER_BOUND('',#644,.T.);
#524=FACE_OUTER_BOUND('',#645,.T.);
#525=FACE_OUTER_BOUND('',#646,.T.);
#526=FACE_OUTER_BOUND('',#647,.T.);
#527=FACE_OUTER_BOUND('',#648,.T.);
#528=FACE_OUTER_BOUND('',#649,.T.);
#529=FACE_OUTER_BOUND('',#650,.T.);
#530=FACE_OUTER_BOUND('',#651,.T.);
#531=FACE_OUTER_BOUND('',#652,.T.);
#532=FACE_OUTER_BOUND('',#653,.T.);
#533=FACE_OUTER_BOUND('',#654,.T.);
#534=FACE_OUTER_BOUND('',#655,.T.);
#535=FACE_OUTER_BOUND('',#656,.T.);
#536=FACE_OUTER_BOUND('',#657,.T.);
#537=FACE_OUTER_BOUND('',#658,.T.);
#538=FACE_OUTER_BOUND('',#659,.T.);
#539=FACE_OUTER_BOUND('',#660,.T.);
#540=FACE_OUTER_BOUND('',#661,.T.);
#541=FACE_OUTER_BOUND('',#662,.T.);
#542=FACE_OUTER_BOUND('',#664,.T.);
#543=FACE_OUTER_BOUND('',#667,.T.);
#544=FACE_OUTER_BOUND('',#668,.T.);
#545=FACE_OUTER_BOUND('',#670,.T.);
#546=FACE_OUTER_BOUND('',#671,.T.);
#547=FACE_OUTER_BOUND('',#672,.T.);
#548=FACE_OUTER_BOUND('',#674,.T.);
#549=FACE_OUTER_BOUND('',#675,.T.);
#550=FACE_OUTER_BOUND('',#678,.T.);
#551=FACE_OUTER_BOUND('',#679,.T.);
#552=FACE_OUTER_BOUND('',#680,.T.);
#553=FACE_OUTER_BOUND('',#681,.T.);
#554=FACE_OUTER_BOUND('',#682,.T.);
#555=FACE_OUTER_BOUND('',#683,.T.);
#556=FACE_OUTER_BOUND('',#684,.T.);
#557=FACE_OUTER_BOUND('',#685,.T.);
#558=FACE_OUTER_BOUND('',#686,.T.);
#559=FACE_OUTER_BOUND('',#687,.T.);
#560=FACE_OUTER_BOUND('',#688,.T.);
#561=FACE_OUTER_BOUND('',#689,.T.);
#562=FACE_OUTER_BOUND('',#690,.T.);
#563=FACE_OUTER_BOUND('',#691,.T.);
#564=EDGE_LOOP('',(#1206));
#565=EDGE_LOOP('',(#1207,#1208,#1209,#1210));
#566=EDGE_LOOP('',(#1211));
#567=EDGE_LOOP('',(#1212));
#568=EDGE_LOOP('',(#1213,#1214,#1215,#1216));
#569=EDGE_LOOP('',(#1217));
#570=EDGE_LOOP('',(#1218));
#571=EDGE_LOOP('',(#1219,#1220,#1221,#1222));
#572=EDGE_LOOP('',(#1223));
#573=EDGE_LOOP('',(#1224));
#574=EDGE_LOOP('',(#1225,#1226,#1227,#1228));
#575=EDGE_LOOP('',(#1229));
#576=EDGE_LOOP('',(#1230,#1231,#1232,#1233));
#577=EDGE_LOOP('',(#1234,#1235,#1236,#1237));
#578=EDGE_LOOP('',(#1238,#1239,#1240,#1241));
#579=EDGE_LOOP('',(#1242,#1243,#1244,#1245));
#580=EDGE_LOOP('',(#1246,#1247,#1248,#1249));
#581=EDGE_LOOP('',(#1250,#1251,#1252,#1253));
#582=EDGE_LOOP('',(#1254,#1255,#1256,#1257,#1258,#1259));
#583=EDGE_LOOP('',(#1260,#1261,#1262,#1263));
#584=EDGE_LOOP('',(#1264,#1265,#1266,#1267));
#585=EDGE_LOOP('',(#1268,#1269,#1270,#1271));
#586=EDGE_LOOP('',(#1272,#1273,#1274,#1275));
#587=EDGE_LOOP('',(#1276,#1277,#1278,#1279));
#588=EDGE_LOOP('',(#1280,#1281,#1282,#1283));
#589=EDGE_LOOP('',(#1284,#1285,#1286,#1287,#1288,#1289));
#590=EDGE_LOOP('',(#1290,#1291,#1292,#1293));
#591=EDGE_LOOP('',(#1294,#1295,#1296,#1297));
#592=EDGE_LOOP('',(#1298,#1299,#1300,#1301));
#593=EDGE_LOOP('',(#1302,#1303,#1304,#1305));
#594=EDGE_LOOP('',(#1306,#1307,#1308,#1309));
#595=EDGE_LOOP('',(#1310,#1311,#1312,#1313));
#596=EDGE_LOOP('',(#1314,#1315,#1316,#1317,#1318,#1319));
#597=EDGE_LOOP('',(#1320,#1321,#1322,#1323));
#598=EDGE_LOOP('',(#1324,#1325,#1326,#1327));
#599=EDGE_LOOP('',(#1328,#1329,#1330,#1331));
#600=EDGE_LOOP('',(#1332,#1333,#1334,#1335));
#601=EDGE_LOOP('',(#1336,#1337,#1338,#1339));
#602=EDGE_LOOP('',(#1340,#1341,#1342,#1343));
#603=EDGE_LOOP('',(#1344,#1345,#1346,#1347,#1348,#1349));
#604=EDGE_LOOP('',(#1350,#1351,#1352,#1353));
#605=EDGE_LOOP('',(#1354,#1355,#1356,#1357));
#606=EDGE_LOOP('',(#1358,#1359,#1360,#1361));
#607=EDGE_LOOP('',(#1362,#1363,#1364,#1365));
#608=EDGE_LOOP('',(#1366,#1367,#1368,#1369));
#609=EDGE_LOOP('',(#1370,#1371,#1372,#1373));
#610=EDGE_LOOP('',(#1374,#1375,#1376,#1377,#1378,#1379));
#611=EDGE_LOOP('',(#1380,#1381,#1382,#1383));
#612=EDGE_LOOP('',(#1384,#1385,#1386,#1387));
#613=EDGE_LOOP('',(#1388,#1389,#1390,#1391));
#614=EDGE_LOOP('',(#1392,#1393,#1394,#1395));
#615=EDGE_LOOP('',(#1396,#1397,#1398,#1399));
#616=EDGE_LOOP('',(#1400,#1401,#1402,#1403));
#617=EDGE_LOOP('',(#1404,#1405,#1406,#1407,#1408,#1409));
#618=EDGE_LOOP('',(#1410,#1411,#1412,#1413));
#619=EDGE_LOOP('',(#1414,#1415,#1416,#1417));
#620=EDGE_LOOP('',(#1418,#1419,#1420,#1421));
#621=EDGE_LOOP('',(#1422,#1423,#1424,#1425));
#622=EDGE_LOOP('',(#1426,#1427,#1428,#1429));
#623=EDGE_LOOP('',(#1430,#1431,#1432,#1433));
#624=EDGE_LOOP('',(#1434,#1435,#1436,#1437,#1438,#1439));
#625=EDGE_LOOP('',(#1440,#1441,#1442,#1443));
#626=EDGE_LOOP('',(#1444,#1445,#1446,#1447));
#627=EDGE_LOOP('',(#1448,#1449,#1450,#1451));
#628=EDGE_LOOP('',(#1452,#1453,#1454,#1455));
#629=EDGE_LOOP('',(#1456,#1457,#1458,#1459));
#630=EDGE_LOOP('',(#1460,#1461,#1462,#1463));
#631=EDGE_LOOP('',(#1464,#1465,#1466,#1467,#1468,#1469));
#632=EDGE_LOOP('',(#1470,#1471,#1472,#1473));
#633=EDGE_LOOP('',(#1474,#1475,#1476,#1477,#1478,#1479,#1480,#1481,#1482,
#1483,#1484,#1485));
#634=EDGE_LOOP('',(#1486,#1487,#1488,#1489,#1490,#1491,#1492,#1493,#1494,
#1495,#1496,#1497));
#635=EDGE_LOOP('',(#1498,#1499,#1500,#1501));
#636=EDGE_LOOP('',(#1502,#1503,#1504,#1505,#1506,#1507));
#637=EDGE_LOOP('',(#1508,#1509,#1510,#1511));
#638=EDGE_LOOP('',(#1512,#1513,#1514,#1515));
#639=EDGE_LOOP('',(#1516,#1517,#1518,#1519));
#640=EDGE_LOOP('',(#1520,#1521,#1522,#1523));
#641=EDGE_LOOP('',(#1524,#1525,#1526,#1527));
#642=EDGE_LOOP('',(#1528,#1529,#1530,#1531));
#643=EDGE_LOOP('',(#1532,#1533,#1534,#1535));
#644=EDGE_LOOP('',(#1536,#1537,#1538,#1539));
#645=EDGE_LOOP('',(#1540,#1541,#1542,#1543));
#646=EDGE_LOOP('',(#1544,#1545,#1546,#1547));
#647=EDGE_LOOP('',(#1548,#1549,#1550,#1551));
#648=EDGE_LOOP('',(#1552,#1553,#1554,#1555));
#649=EDGE_LOOP('',(#1556,#1557,#1558,#1559));
#650=EDGE_LOOP('',(#1560,#1561,#1562,#1563));
#651=EDGE_LOOP('',(#1564,#1565,#1566,#1567));
#652=EDGE_LOOP('',(#1568,#1569,#1570,#1571));
#653=EDGE_LOOP('',(#1572,#1573,#1574,#1575));
#654=EDGE_LOOP('',(#1576,#1577,#1578,#1579));
#655=EDGE_LOOP('',(#1580,#1581,#1582,#1583,#1584,#1585,#1586,#1587,#1588,
#1589,#1590,#1591));
#656=EDGE_LOOP('',(#1592,#1593,#1594,#1595));
#657=EDGE_LOOP('',(#1596,#1597,#1598,#1599));
#658=EDGE_LOOP('',(#1600,#1601,#1602,#1603));
#659=EDGE_LOOP('',(#1604,#1605,#1606,#1607));
#660=EDGE_LOOP('',(#1608,#1609,#1610,#1611));
#661=EDGE_LOOP('',(#1612,#1613,#1614,#1615));
#662=EDGE_LOOP('',(#1616,#1617,#1618,#1619));
#663=EDGE_LOOP('',(#1620,#1621,#1622,#1623,#1624,#1625));
#664=EDGE_LOOP('',(#1626,#1627,#1628,#1629));
#665=EDGE_LOOP('',(#1630,#1631,#1632,#1633,#1634,#1635));
#666=EDGE_LOOP('',(#1636,#1637,#1638,#1639,#1640,#1641));
#667=EDGE_LOOP('',(#1642,#1643,#1644,#1645));
#668=EDGE_LOOP('',(#1646,#1647,#1648,#1649));
#669=EDGE_LOOP('',(#1650,#1651,#1652,#1653,#1654,#1655));
#670=EDGE_LOOP('',(#1656,#1657,#1658,#1659));
#671=EDGE_LOOP('',(#1660,#1661,#1662,#1663,#1664,#1665,#1666,#1667,#1668,
#1669,#1670,#1671));
#672=EDGE_LOOP('',(#1672,#1673,#1674,#1675));
#673=EDGE_LOOP('',(#1676,#1677,#1678,#1679,#1680,#1681));
#674=EDGE_LOOP('',(#1682,#1683,#1684,#1685));
#675=EDGE_LOOP('',(#1686,#1687,#1688,#1689));
#676=EDGE_LOOP('',(#1690,#1691,#1692,#1693,#1694,#1695));
#677=EDGE_LOOP('',(#1696,#1697,#1698,#1699,#1700,#1701));
#678=EDGE_LOOP('',(#1702,#1703,#1704,#1705));
#679=EDGE_LOOP('',(#1706,#1707,#1708,#1709));
#680=EDGE_LOOP('',(#1710));
#681=EDGE_LOOP('',(#1711,#1712,#1713,#1714));
#682=EDGE_LOOP('',(#1715));
#683=EDGE_LOOP('',(#1716));
#684=EDGE_LOOP('',(#1717,#1718,#1719,#1720));
#685=EDGE_LOOP('',(#1721));
#686=EDGE_LOOP('',(#1722));
#687=EDGE_LOOP('',(#1723,#1724,#1725,#1726));
#688=EDGE_LOOP('',(#1727));
#689=EDGE_LOOP('',(#1728));
#690=EDGE_LOOP('',(#1729,#1730,#1731,#1732));
#691=EDGE_LOOP('',(#1733));
#692=CIRCLE('',#1954,4.1);
#693=CIRCLE('',#1956,4.1);
#694=CIRCLE('',#1959,4.1);
#695=CIRCLE('',#1961,4.1);
#696=CIRCLE('',#1964,4.1);
#697=CIRCLE('',#1966,4.1);
#698=CIRCLE('',#1969,4.1);
#699=CIRCLE('',#1971,4.1);
#700=CIRCLE('',#1974,4.1);
#701=CIRCLE('',#1975,4.1);
#702=CIRCLE('',#1979,4.1);
#703=CIRCLE('',#1980,4.1);
#704=CIRCLE('',#1987,4.1);
#705=CIRCLE('',#1988,4.1);
#706=CIRCLE('',#1992,4.1);
#707=CIRCLE('',#1993,4.1);
#708=CIRCLE('',#1997,4.1);
#709=CIRCLE('',#1998,4.1);
#710=CIRCLE('',#2002,4.1);
#711=CIRCLE('',#2003,4.1);
#712=CIRCLE('',#2007,4.1);
#713=CIRCLE('',#2008,4.1);
#714=CIRCLE('',#2012,4.1);
#715=CIRCLE('',#2013,4.1);
#716=CIRCLE('',#2020,4.09999999999998);
#717=CIRCLE('',#2021,4.09999999999998);
#718=CIRCLE('',#2025,4.10000000000001);
#719=CIRCLE('',#2026,4.10000000000001);
#720=CIRCLE('',#2030,4.09999999999998);
#721=CIRCLE('',#2031,4.09999999999998);
#722=CIRCLE('',#2035,4.1);
#723=CIRCLE('',#2036,4.1);
#724=CIRCLE('',#2042,4.1);
#725=CIRCLE('',#2043,4.1);
#726=CIRCLE('',#2047,4.09999999999999);
#727=CIRCLE('',#2048,4.09999999999999);
#728=CIRCLE('',#2053,4.09999999999999);
#729=CIRCLE('',#2054,4.09999999999999);
#730=CIRCLE('',#2058,4.1);
#731=CIRCLE('',#2059,4.1);
#732=CIRCLE('',#2062,7.5);
#733=CIRCLE('',#2063,7.5);
#734=CIRCLE('',#2065,5.);
#735=CIRCLE('',#2066,5.);
#736=CIRCLE('',#2067,5.);
#737=CIRCLE('',#2068,4.99999999999999);
#738=CIRCLE('',#2069,5.);
#739=CIRCLE('',#2070,5.);
#740=CIRCLE('',#2071,2.5);
#741=CIRCLE('',#2072,2.5);
#742=CIRCLE('',#2073,2.49999999999999);
#743=CIRCLE('',#2074,2.5);
#744=CIRCLE('',#2075,2.5);
#745=CIRCLE('',#2079,4.00000000000001);
#746=CIRCLE('',#2080,5.);
#747=CIRCLE('',#2083,3.99999999999999);
#748=CIRCLE('',#2084,5.);
#749=CIRCLE('',#2087,3.99999999999999);
#750=CIRCLE('',#2088,4.99999999999999);
#751=CIRCLE('',#2091,3.99999999999998);
#752=CIRCLE('',#2092,5.);
#753=CIRCLE('',#2095,4.);
#754=CIRCLE('',#2096,5.);
#755=CIRCLE('',#2099,5.);
#756=CIRCLE('',#2100,6.);
#757=CIRCLE('',#2117,2.5);
#758=CIRCLE('',#2120,2.5);
#759=CIRCLE('',#2122,2.49999999999999);
#760=CIRCLE('',#2123,2.5);
#761=CIRCLE('',#2124,2.5);
#762=CIRCLE('',#2131,4.1);
#763=CIRCLE('',#2133,4.1);
#764=CIRCLE('',#2136,4.1);
#765=CIRCLE('',#2138,4.1);
#766=CIRCLE('',#2141,4.1);
#767=CIRCLE('',#2143,4.1);
#768=CIRCLE('',#2146,4.1);
#769=CIRCLE('',#2148,4.1);
#770=VERTEX_POINT('',#2734);
#771=VERTEX_POINT('',#2737);
#772=VERTEX_POINT('',#2742);
#773=VERTEX_POINT('',#2745);
#774=VERTEX_POINT('',#2750);
#775=VERTEX_POINT('',#2753);
#776=VERTEX_POINT('',#2758);
#777=VERTEX_POINT('',#2761);
#778=VERTEX_POINT('',#2766);
#779=VERTEX_POINT('',#2767);
#780=VERTEX_POINT('',#2769);
#781=VERTEX_POINT('',#2771);
#782=VERTEX_POINT('',#2775);
#783=VERTEX_POINT('',#2777);
#784=VERTEX_POINT('',#2781);
#785=VERTEX_POINT('',#2783);
#786=VERTEX_POINT('',#2787);
#787=VERTEX_POINT('',#2789);
#788=VERTEX_POINT('',#2793);
#789=VERTEX_POINT('',#2795);
#790=VERTEX_POINT('',#2803);
#791=VERTEX_POINT('',#2804);
#792=VERTEX_POINT('',#2806);
#793=VERTEX_POINT('',#2808);
#794=VERTEX_POINT('',#2812);
#795=VERTEX_POINT('',#2814);
#796=VERTEX_POINT('',#2818);
#797=VERTEX_POINT('',#2820);
#798=VERTEX_POINT('',#2824);
#799=VERTEX_POINT('',#2826);
#800=VERTEX_POINT('',#2830);
#801=VERTEX_POINT('',#2832);
#802=VERTEX_POINT('',#2840);
#803=VERTEX_POINT('',#2841);
#804=VERTEX_POINT('',#2843);
#805=VERTEX_POINT('',#2845);
#806=VERTEX_POINT('',#2849);
#807=VERTEX_POINT('',#2851);
#808=VERTEX_POINT('',#2855);
#809=VERTEX_POINT('',#2857);
#810=VERTEX_POINT('',#2861);
#811=VERTEX_POINT('',#2863);
#812=VERTEX_POINT('',#2867);
#813=VERTEX_POINT('',#2869);
#814=VERTEX_POINT('',#2877);
#815=VERTEX_POINT('',#2878);
#816=VERTEX_POINT('',#2880);
#817=VERTEX_POINT('',#2882);
#818=VERTEX_POINT('',#2886);
#819=VERTEX_POINT('',#2888);
#820=VERTEX_POINT('',#2892);
#821=VERTEX_POINT('',#2894);
#822=VERTEX_POINT('',#2898);
#823=VERTEX_POINT('',#2900);
#824=VERTEX_POINT('',#2904);
#825=VERTEX_POINT('',#2906);
#826=VERTEX_POINT('',#2914);
#827=VERTEX_POINT('',#2915);
#828=VERTEX_POINT('',#2917);
#829=VERTEX_POINT('',#2919);
#830=VERTEX_POINT('',#2923);
#831=VERTEX_POINT('',#2925);
#832=VERTEX_POINT('',#2929);
#833=VERTEX_POINT('',#2931);
#834=VERTEX_POINT('',#2935);
#835=VERTEX_POINT('',#2937);
#836=VERTEX_POINT('',#2941);
#837=VERTEX_POINT('',#2943);
#838=VERTEX_POINT('',#2951);
#839=VERTEX_POINT('',#2952);
#840=VERTEX_POINT('',#2954);
#841=VERTEX_POINT('',#2956);
#842=VERTEX_POINT('',#2960);
#843=VERTEX_POINT('',#2962);
#844=VERTEX_POINT('',#2966);
#845=VERTEX_POINT('',#2968);
#846=VERTEX_POINT('',#2972);
#847=VERTEX_POINT('',#2974);
#848=VERTEX_POINT('',#2978);
#849=VERTEX_POINT('',#2980);
#850=VERTEX_POINT('',#2988);
#851=VERTEX_POINT('',#2989);
#852=VERTEX_POINT('',#2991);
#853=VERTEX_POINT('',#2993);
#854=VERTEX_POINT('',#2997);
#855=VERTEX_POINT('',#2999);
#856=VERTEX_POINT('',#3003);
#857=VERTEX_POINT('',#3005);
#858=VERTEX_POINT('',#3009);
#859=VERTEX_POINT('',#3011);
#860=VERTEX_POINT('',#3015);
#861=VERTEX_POINT('',#3017);
#862=VERTEX_POINT('',#3025);
#863=VERTEX_POINT('',#3026);
#864=VERTEX_POINT('',#3028);
#865=VERTEX_POINT('',#3030);
#866=VERTEX_POINT('',#3034);
#867=VERTEX_POINT('',#3036);
#868=VERTEX_POINT('',#3040);
#869=VERTEX_POINT('',#3042);
#870=VERTEX_POINT('',#3046);
#871=VERTEX_POINT('',#3048);
#872=VERTEX_POINT('',#3052);
#873=VERTEX_POINT('',#3054);
#874=VERTEX_POINT('',#3062);
#875=VERTEX_POINT('',#3063);
#876=VERTEX_POINT('',#3065);
#877=VERTEX_POINT('',#3067);
#878=VERTEX_POINT('',#3071);
#879=VERTEX_POINT('',#3072);
#880=VERTEX_POINT('',#3074);
#881=VERTEX_POINT('',#3076);
#882=VERTEX_POINT('',#3078);
#883=VERTEX_POINT('',#3080);
#884=VERTEX_POINT('',#3082);
#885=VERTEX_POINT('',#3084);
#886=VERTEX_POINT('',#3086);
#887=VERTEX_POINT('',#3088);
#888=VERTEX_POINT('',#3090);
#889=VERTEX_POINT('',#3092);
#890=VERTEX_POINT('',#3095);
#891=VERTEX_POINT('',#3097);
#892=VERTEX_POINT('',#3099);
#893=VERTEX_POINT('',#3101);
#894=VERTEX_POINT('',#3103);
#895=VERTEX_POINT('',#3105);
#896=VERTEX_POINT('',#3107);
#897=VERTEX_POINT('',#3109);
#898=VERTEX_POINT('',#3111);
#899=VERTEX_POINT('',#3113);
#900=VERTEX_POINT('',#3117);
#901=VERTEX_POINT('',#3121);
#902=VERTEX_POINT('',#3122);
#903=VERTEX_POINT('',#3124);
#904=VERTEX_POINT('',#3126);
#905=VERTEX_POINT('',#3130);
#906=VERTEX_POINT('',#3131);
#907=VERTEX_POINT('',#3136);
#908=VERTEX_POINT('',#3137);
#909=VERTEX_POINT('',#3142);
#910=VERTEX_POINT('',#3143);
#911=VERTEX_POINT('',#3148);
#912=VERTEX_POINT('',#3149);
#913=VERTEX_POINT('',#3154);
#914=VERTEX_POINT('',#3155);
#915=VERTEX_POINT('',#3160);
#916=VERTEX_POINT('',#3161);
#917=VERTEX_POINT('',#3166);
#918=VERTEX_POINT('',#3167);
#919=VERTEX_POINT('',#3172);
#920=VERTEX_POINT('',#3173);
#921=VERTEX_POINT('',#3178);
#922=VERTEX_POINT('',#3179);
#923=VERTEX_POINT('',#3184);
#924=VERTEX_POINT('',#3185);
#925=VERTEX_POINT('',#3218);
#926=VERTEX_POINT('',#3222);
#927=VERTEX_POINT('',#3223);
#928=VERTEX_POINT('',#3228);
#929=VERTEX_POINT('',#3232);
#930=VERTEX_POINT('',#3238);
#931=VERTEX_POINT('',#3240);
#932=VERTEX_POINT('',#3242);
#933=VERTEX_POINT('',#3244);
#934=VERTEX_POINT('',#3257);
#935=VERTEX_POINT('',#3260);
#936=VERTEX_POINT('',#3265);
#937=VERTEX_POINT('',#3268);
#938=VERTEX_POINT('',#3273);
#939=VERTEX_POINT('',#3276);
#940=VERTEX_POINT('',#3281);
#941=VERTEX_POINT('',#3284);
#942=EDGE_CURVE('',#770,#770,#692,.T.);
#943=EDGE_CURVE('',#771,#771,#693,.T.);
#944=EDGE_CURVE('',#771,#770,#37,.T.);
#945=EDGE_CURVE('',#772,#772,#694,.T.);
#946=EDGE_CURVE('',#773,#773,#695,.T.);
#947=EDGE_CURVE('',#773,#772,#38,.T.);
#948=EDGE_CURVE('',#774,#774,#696,.T.);
#949=EDGE_CURVE('',#775,#775,#697,.T.);
#950=EDGE_CURVE('',#775,#774,#39,.T.);
#951=EDGE_CURVE('',#776,#776,#698,.T.);
#952=EDGE_CURVE('',#777,#777,#699,.T.);
#953=EDGE_CURVE('',#777,#776,#40,.T.);
#954=EDGE_CURVE('',#778,#779,#700,.T.);
#955=EDGE_CURVE('',#778,#780,#41,.T.);
#956=EDGE_CURVE('',#780,#781,#701,.T.);
#957=EDGE_CURVE('',#779,#781,#42,.T.);
#958=EDGE_CURVE('',#782,#778,#43,.T.);
#959=EDGE_CURVE('',#782,#783,#44,.T.);
#960=EDGE_CURVE('',#783,#780,#45,.T.);
#961=EDGE_CURVE('',#784,#782,#46,.T.);
#962=EDGE_CURVE('',#784,#785,#47,.T.);
#963=EDGE_CURVE('',#785,#783,#48,.T.);
#964=EDGE_CURVE('',#786,#784,#702,.T.);
#965=EDGE_CURVE('',#786,#787,#49,.T.);
#966=EDGE_CURVE('',#787,#785,#703,.T.);
#967=EDGE_CURVE('',#788,#786,#50,.T.);
#968=EDGE_CURVE('',#788,#789,#51,.T.);
#969=EDGE_CURVE('',#789,#787,#52,.T.);
#970=EDGE_CURVE('',#779,#788,#53,.T.);
#971=EDGE_CURVE('',#781,#789,#54,.T.);
#972=EDGE_CURVE('',#790,#791,#55,.T.);
#973=EDGE_CURVE('',#790,#792,#56,.T.);
#974=EDGE_CURVE('',#792,#793,#57,.T.);
#975=EDGE_CURVE('',#791,#793,#58,.T.);
#976=EDGE_CURVE('',#794,#790,#59,.T.);
#977=EDGE_CURVE('',#794,#795,#60,.T.);
#978=EDGE_CURVE('',#795,#792,#61,.T.);
#979=EDGE_CURVE('',#796,#794,#704,.T.);
#980=EDGE_CURVE('',#796,#797,#62,.T.);
#981=EDGE_CURVE('',#797,#795,#705,.T.);
#982=EDGE_CURVE('',#798,#796,#63,.T.);
#983=EDGE_CURVE('',#798,#799,#64,.T.);
#984=EDGE_CURVE('',#799,#797,#65,.T.);
#985=EDGE_CURVE('',#800,#798,#66,.T.);
#986=EDGE_CURVE('',#800,#801,#67,.T.);
#987=EDGE_CURVE('',#801,#799,#68,.T.);
#988=EDGE_CURVE('',#791,#800,#706,.T.);
#989=EDGE_CURVE('',#793,#801,#707,.T.);
#990=EDGE_CURVE('',#802,#803,#69,.T.);
#991=EDGE_CURVE('',#802,#804,#70,.T.);
#992=EDGE_CURVE('',#804,#805,#71,.T.);
#993=EDGE_CURVE('',#803,#805,#72,.T.);
#994=EDGE_CURVE('',#806,#802,#708,.T.);
#995=EDGE_CURVE('',#806,#807,#73,.T.);
#996=EDGE_CURVE('',#807,#804,#709,.T.);
#997=EDGE_CURVE('',#808,#806,#74,.T.);
#998=EDGE_CURVE('',#808,#809,#75,.T.);
#999=EDGE_CURVE('',#809,#807,#76,.T.);
#1000=EDGE_CURVE('',#810,#808,#77,.T.);
#1001=EDGE_CURVE('',#810,#811,#78,.T.);
#1002=EDGE_CURVE('',#811,#809,#79,.T.);
#1003=EDGE_CURVE('',#812,#810,#710,.T.);
#1004=EDGE_CURVE('',#812,#813,#80,.T.);
#1005=EDGE_CURVE('',#813,#811,#711,.T.);
#1006=EDGE_CURVE('',#803,#812,#81,.T.);
#1007=EDGE_CURVE('',#805,#813,#82,.T.);
#1008=EDGE_CURVE('',#814,#815,#712,.T.);
#1009=EDGE_CURVE('',#814,#816,#83,.T.);
#1010=EDGE_CURVE('',#816,#817,#713,.T.);
#1011=EDGE_CURVE('',#815,#817,#84,.T.);
#1012=EDGE_CURVE('',#818,#814,#85,.T.);
#1013=EDGE_CURVE('',#818,#819,#86,.T.);
#1014=EDGE_CURVE('',#819,#816,#87,.T.);
#1015=EDGE_CURVE('',#820,#818,#88,.T.);
#1016=EDGE_CURVE('',#820,#821,#89,.T.);
#1017=EDGE_CURVE('',#821,#819,#90,.T.);
#1018=EDGE_CURVE('',#822,#820,#714,.T.);
#1019=EDGE_CURVE('',#822,#823,#91,.T.);
#1020=EDGE_CURVE('',#823,#821,#715,.T.);
#1021=EDGE_CURVE('',#824,#822,#92,.T.);
#1022=EDGE_CURVE('',#824,#825,#93,.T.);
#1023=EDGE_CURVE('',#825,#823,#94,.T.);
#1024=EDGE_CURVE('',#815,#824,#95,.T.);
#1025=EDGE_CURVE('',#817,#825,#96,.T.);
#1026=EDGE_CURVE('',#826,#827,#97,.T.);
#1027=EDGE_CURVE('',#826,#828,#98,.T.);
#1028=EDGE_CURVE('',#828,#829,#99,.T.);
#1029=EDGE_CURVE('',#827,#829,#100,.T.);
#1030=EDGE_CURVE('',#830,#826,#101,.T.);
#1031=EDGE_CURVE('',#830,#831,#102,.T.);
#1032=EDGE_CURVE('',#831,#828,#103,.T.);
#1033=EDGE_CURVE('',#832,#830,#716,.T.);
#1034=EDGE_CURVE('',#832,#833,#104,.T.);
#1035=EDGE_CURVE('',#833,#831,#717,.T.);
#1036=EDGE_CURVE('',#834,#832,#105,.T.);
#1037=EDGE_CURVE('',#834,#835,#106,.T.);
#1038=EDGE_CURVE('',#835,#833,#107,.T.);
#1039=EDGE_CURVE('',#836,#834,#108,.T.);
#1040=EDGE_CURVE('',#836,#837,#109,.T.);
#1041=EDGE_CURVE('',#837,#835,#110,.T.);
#1042=EDGE_CURVE('',#827,#836,#718,.T.);
#1043=EDGE_CURVE('',#829,#837,#719,.T.);
#1044=EDGE_CURVE('',#838,#839,#111,.T.);
#1045=EDGE_CURVE('',#838,#840,#112,.T.);
#1046=EDGE_CURVE('',#840,#841,#113,.T.);
#1047=EDGE_CURVE('',#839,#841,#114,.T.);
#1048=EDGE_CURVE('',#842,#838,#720,.T.);
#1049=EDGE_CURVE('',#842,#843,#115,.T.);
#1050=EDGE_CURVE('',#843,#840,#721,.T.);
#1051=EDGE_CURVE('',#844,#842,#116,.T.);
#1052=EDGE_CURVE('',#844,#845,#117,.T.);
#1053=EDGE_CURVE('',#845,#843,#118,.T.);
#1054=EDGE_CURVE('',#846,#844,#119,.T.);
#1055=EDGE_CURVE('',#846,#847,#120,.T.);
#1056=EDGE_CURVE('',#847,#845,#121,.T.);
#1057=EDGE_CURVE('',#848,#846,#722,.T.);
#1058=EDGE_CURVE('',#848,#849,#122,.T.);
#1059=EDGE_CURVE('',#849,#847,#723,.T.);
#1060=EDGE_CURVE('',#839,#848,#123,.T.);
#1061=EDGE_CURVE('',#841,#849,#124,.T.);
#1062=EDGE_CURVE('',#850,#851,#125,.T.);
#1063=EDGE_CURVE('',#850,#852,#126,.T.);
#1064=EDGE_CURVE('',#852,#853,#127,.T.);
#1065=EDGE_CURVE('',#851,#853,#128,.T.);
#1066=EDGE_CURVE('',#854,#850,#129,.T.);
#1067=EDGE_CURVE('',#854,#855,#130,.T.);
#1068=EDGE_CURVE('',#855,#852,#131,.T.);
#1069=EDGE_CURVE('',#856,#854,#724,.T.);
#1070=EDGE_CURVE('',#856,#857,#132,.T.);
#1071=EDGE_CURVE('',#857,#855,#725,.T.);
#1072=EDGE_CURVE('',#858,#856,#133,.T.);
#1073=EDGE_CURVE('',#858,#859,#134,.T.);
#1074=EDGE_CURVE('',#859,#857,#135,.T.);
#1075=EDGE_CURVE('',#860,#858,#136,.T.);
#1076=EDGE_CURVE('',#860,#861,#137,.T.);
#1077=EDGE_CURVE('',#861,#859,#138,.T.);
#1078=EDGE_CURVE('',#851,#860,#726,.T.);
#1079=EDGE_CURVE('',#853,#861,#727,.T.);
#1080=EDGE_CURVE('',#862,#863,#139,.T.);
#1081=EDGE_CURVE('',#862,#864,#140,.T.);
#1082=EDGE_CURVE('',#864,#865,#141,.T.);
#1083=EDGE_CURVE('',#863,#865,#142,.T.);
#1084=EDGE_CURVE('',#866,#862,#143,.T.);
#1085=EDGE_CURVE('',#866,#867,#144,.T.);
#1086=EDGE_CURVE('',#867,#864,#145,.T.);
#1087=EDGE_CURVE('',#868,#866,#728,.T.);
#1088=EDGE_CURVE('',#868,#869,#146,.T.);
#1089=EDGE_CURVE('',#869,#867,#729,.T.);
#1090=EDGE_CURVE('',#870,#868,#147,.T.);
#1091=EDGE_CURVE('',#870,#871,#148,.T.);
#1092=EDGE_CURVE('',#871,#869,#149,.T.);
#1093=EDGE_CURVE('',#872,#870,#150,.T.);
#1094=EDGE_CURVE('',#872,#873,#151,.T.);
#1095=EDGE_CURVE('',#873,#871,#152,.T.);
#1096=EDGE_CURVE('',#863,#872,#730,.T.);
#1097=EDGE_CURVE('',#865,#873,#731,.T.);
#1098=EDGE_CURVE('',#874,#875,#732,.T.);
#1099=EDGE_CURVE('',#875,#876,#153,.T.);
#1100=EDGE_CURVE('',#876,#877,#733,.F.);
#1101=EDGE_CURVE('',#877,#874,#154,.T.);
#1102=EDGE_CURVE('',#878,#879,#155,.T.);
#1103=EDGE_CURVE('',#880,#879,#734,.T.);
#1104=EDGE_CURVE('',#881,#880,#156,.T.);
#1105=EDGE_CURVE('',#881,#882,#735,.T.);
#1106=EDGE_CURVE('',#882,#883,#157,.T.);
#1107=EDGE_CURVE('',#883,#884,#736,.T.);
#1108=EDGE_CURVE('',#884,#885,#158,.T.);
#1109=EDGE_CURVE('',#885,#886,#737,.T.);
#1110=EDGE_CURVE('',#886,#887,#159,.T.);
#1111=EDGE_CURVE('',#887,#888,#738,.T.);
#1112=EDGE_CURVE('',#888,#889,#160,.T.);
#1113=EDGE_CURVE('',#889,#878,#739,.T.);
#1114=EDGE_CURVE('',#874,#890,#161,.T.);
#1115=EDGE_CURVE('',#890,#891,#740,.T.);
#1116=EDGE_CURVE('',#891,#892,#162,.T.);
#1117=EDGE_CURVE('',#892,#893,#741,.T.);
#1118=EDGE_CURVE('',#893,#894,#163,.T.);
#1119=EDGE_CURVE('',#894,#895,#742,.T.);
#1120=EDGE_CURVE('',#895,#896,#164,.T.);
#1121=EDGE_CURVE('',#896,#897,#743,.T.);
#1122=EDGE_CURVE('',#897,#898,#165,.T.);
#1123=EDGE_CURVE('',#898,#899,#744,.T.);
#1124=EDGE_CURVE('',#899,#875,#166,.T.);
#1125=EDGE_CURVE('',#900,#877,#167,.F.);
#1126=EDGE_CURVE('',#900,#890,#168,.T.);
#1127=EDGE_CURVE('',#901,#902,#169,.T.);
#1128=EDGE_CURVE('',#902,#903,#170,.T.);
#1129=EDGE_CURVE('',#903,#904,#171,.T.);
#1130=EDGE_CURVE('',#904,#901,#172,.T.);
#1131=EDGE_CURVE('',#905,#906,#173,.T.);
#1132=EDGE_CURVE('',#906,#902,#745,.T.);
#1133=EDGE_CURVE('',#901,#905,#746,.T.);
#1134=EDGE_CURVE('',#907,#908,#174,.T.);
#1135=EDGE_CURVE('',#908,#906,#175,.T.);
#1136=EDGE_CURVE('',#905,#907,#176,.T.);
#1137=EDGE_CURVE('',#909,#910,#177,.T.);
#1138=EDGE_CURVE('',#910,#908,#747,.T.);
#1139=EDGE_CURVE('',#907,#909,#748,.T.);
#1140=EDGE_CURVE('',#911,#912,#178,.T.);
#1141=EDGE_CURVE('',#912,#910,#179,.T.);
#1142=EDGE_CURVE('',#909,#911,#180,.T.);
#1143=EDGE_CURVE('',#913,#914,#181,.T.);
#1144=EDGE_CURVE('',#914,#912,#749,.T.);
#1145=EDGE_CURVE('',#911,#913,#750,.T.);
#1146=EDGE_CURVE('',#915,#916,#182,.T.);
#1147=EDGE_CURVE('',#916,#914,#183,.T.);
#1148=EDGE_CURVE('',#913,#915,#184,.T.);
#1149=EDGE_CURVE('',#917,#918,#185,.T.);
#1150=EDGE_CURVE('',#918,#916,#751,.T.);
#1151=EDGE_CURVE('',#915,#917,#752,.T.);
#1152=EDGE_CURVE('',#919,#920,#186,.T.);
#1153=EDGE_CURVE('',#920,#918,#187,.T.);
#1154=EDGE_CURVE('',#917,#919,#188,.T.);
#1155=EDGE_CURVE('',#921,#922,#189,.T.);
#1156=EDGE_CURVE('',#922,#920,#753,.T.);
#1157=EDGE_CURVE('',#919,#921,#754,.T.);
#1158=EDGE_CURVE('',#923,#924,#190,.T.);
#1159=EDGE_CURVE('',#924,#922,#191,.T.);
#1160=EDGE_CURVE('',#921,#923,#192,.T.);
#1161=EDGE_CURVE('',#923,#904,#755,.T.);
#1162=EDGE_CURVE('',#903,#924,#756,.T.);
#1163=EDGE_CURVE('',#911,#886,#193,.T.);
#1164=EDGE_CURVE('',#913,#885,#194,.T.);
#1165=EDGE_CURVE('',#909,#887,#195,.T.);
#1166=EDGE_CURVE('',#907,#888,#196,.T.);
#1167=EDGE_CURVE('',#905,#889,#197,.T.);
#1168=EDGE_CURVE('',#901,#878,#198,.T.);
#1169=EDGE_CURVE('',#879,#904,#199,.T.);
#1170=EDGE_CURVE('',#923,#880,#200,.T.);
#1171=EDGE_CURVE('',#921,#881,#201,.T.);
#1172=EDGE_CURVE('',#915,#884,#202,.T.);
#1173=EDGE_CURVE('',#919,#882,#203,.T.);
#1174=EDGE_CURVE('',#917,#883,#204,.T.);
#1175=EDGE_CURVE('',#925,#899,#205,.T.);
#1176=EDGE_CURVE('',#876,#925,#206,.F.);
#1177=EDGE_CURVE('',#926,#927,#207,.F.);
#1178=EDGE_CURVE('',#926,#896,#208,.T.);
#1179=EDGE_CURVE('',#927,#895,#209,.T.);
#1180=EDGE_CURVE('',#928,#926,#757,.F.);
#1181=EDGE_CURVE('',#928,#897,#210,.T.);
#1182=EDGE_CURVE('',#929,#928,#211,.F.);
#1183=EDGE_CURVE('',#929,#898,#212,.T.);
#1184=EDGE_CURVE('',#925,#929,#758,.F.);
#1185=EDGE_CURVE('',#927,#930,#759,.F.);
#1186=EDGE_CURVE('',#930,#931,#213,.F.);
#1187=EDGE_CURVE('',#931,#932,#760,.F.);
#1188=EDGE_CURVE('',#932,#933,#214,.F.);
#1189=EDGE_CURVE('',#933,#900,#761,.F.);
#1190=EDGE_CURVE('',#932,#892,#215,.T.);
#1191=EDGE_CURVE('',#933,#891,#216,.T.);
#1192=EDGE_CURVE('',#931,#893,#217,.T.);
#1193=EDGE_CURVE('',#930,#894,#218,.T.);
#1194=EDGE_CURVE('',#934,#934,#762,.T.);
#1195=EDGE_CURVE('',#935,#935,#763,.T.);
#1196=EDGE_CURVE('',#935,#934,#219,.T.);
#1197=EDGE_CURVE('',#936,#936,#764,.T.);
#1198=EDGE_CURVE('',#937,#937,#765,.T.);
#1199=EDGE_CURVE('',#937,#936,#220,.T.);
#1200=EDGE_CURVE('',#938,#938,#766,.T.);
#1201=EDGE_CURVE('',#939,#939,#767,.T.);
#1202=EDGE_CURVE('',#939,#938,#221,.T.);
#1203=EDGE_CURVE('',#940,#940,#768,.T.);
#1204=EDGE_CURVE('',#941,#941,#769,.T.);
#1205=EDGE_CURVE('',#941,#940,#222,.T.);
#1206=ORIENTED_EDGE('',*,*,#942,.F.);
#1207=ORIENTED_EDGE('',*,*,#943,.T.);
#1208=ORIENTED_EDGE('',*,*,#944,.T.);
#1209=ORIENTED_EDGE('',*,*,#942,.T.);
#1210=ORIENTED_EDGE('',*,*,#944,.F.);
#1211=ORIENTED_EDGE('',*,*,#943,.F.);
#1212=ORIENTED_EDGE('',*,*,#945,.F.);
#1213=ORIENTED_EDGE('',*,*,#946,.T.);
#1214=ORIENTED_EDGE('',*,*,#947,.T.);
#1215=ORIENTED_EDGE('',*,*,#945,.T.);
#1216=ORIENTED_EDGE('',*,*,#947,.F.);
#1217=ORIENTED_EDGE('',*,*,#946,.F.);
#1218=ORIENTED_EDGE('',*,*,#948,.F.);
#1219=ORIENTED_EDGE('',*,*,#949,.T.);
#1220=ORIENTED_EDGE('',*,*,#950,.T.);
#1221=ORIENTED_EDGE('',*,*,#948,.T.);
#1222=ORIENTED_EDGE('',*,*,#950,.F.);
#1223=ORIENTED_EDGE('',*,*,#949,.F.);
#1224=ORIENTED_EDGE('',*,*,#951,.F.);
#1225=ORIENTED_EDGE('',*,*,#952,.T.);
#1226=ORIENTED_EDGE('',*,*,#953,.T.);
#1227=ORIENTED_EDGE('',*,*,#951,.T.);
#1228=ORIENTED_EDGE('',*,*,#953,.F.);
#1229=ORIENTED_EDGE('',*,*,#952,.F.);
#1230=ORIENTED_EDGE('',*,*,#954,.F.);
#1231=ORIENTED_EDGE('',*,*,#955,.T.);
#1232=ORIENTED_EDGE('',*,*,#956,.T.);
#1233=ORIENTED_EDGE('',*,*,#957,.F.);
#1234=ORIENTED_EDGE('',*,*,#958,.F.);
#1235=ORIENTED_EDGE('',*,*,#959,.T.);
#1236=ORIENTED_EDGE('',*,*,#960,.T.);
#1237=ORIENTED_EDGE('',*,*,#955,.F.);
#1238=ORIENTED_EDGE('',*,*,#961,.F.);
#1239=ORIENTED_EDGE('',*,*,#962,.T.);
#1240=ORIENTED_EDGE('',*,*,#963,.T.);
#1241=ORIENTED_EDGE('',*,*,#959,.F.);
#1242=ORIENTED_EDGE('',*,*,#964,.F.);
#1243=ORIENTED_EDGE('',*,*,#965,.T.);
#1244=ORIENTED_EDGE('',*,*,#966,.T.);
#1245=ORIENTED_EDGE('',*,*,#962,.F.);
#1246=ORIENTED_EDGE('',*,*,#967,.F.);
#1247=ORIENTED_EDGE('',*,*,#968,.T.);
#1248=ORIENTED_EDGE('',*,*,#969,.T.);
#1249=ORIENTED_EDGE('',*,*,#965,.F.);
#1250=ORIENTED_EDGE('',*,*,#970,.F.);
#1251=ORIENTED_EDGE('',*,*,#957,.T.);
#1252=ORIENTED_EDGE('',*,*,#971,.T.);
#1253=ORIENTED_EDGE('',*,*,#968,.F.);
#1254=ORIENTED_EDGE('',*,*,#971,.F.);
#1255=ORIENTED_EDGE('',*,*,#956,.F.);
#1256=ORIENTED_EDGE('',*,*,#960,.F.);
#1257=ORIENTED_EDGE('',*,*,#963,.F.);
#1258=ORIENTED_EDGE('',*,*,#966,.F.);
#1259=ORIENTED_EDGE('',*,*,#969,.F.);
#1260=ORIENTED_EDGE('',*,*,#972,.F.);
#1261=ORIENTED_EDGE('',*,*,#973,.T.);
#1262=ORIENTED_EDGE('',*,*,#974,.T.);
#1263=ORIENTED_EDGE('',*,*,#975,.F.);
#1264=ORIENTED_EDGE('',*,*,#976,.F.);
#1265=ORIENTED_EDGE('',*,*,#977,.T.);
#1266=ORIENTED_EDGE('',*,*,#978,.T.);
#1267=ORIENTED_EDGE('',*,*,#973,.F.);
#1268=ORIENTED_EDGE('',*,*,#979,.F.);
#1269=ORIENTED_EDGE('',*,*,#980,.T.);
#1270=ORIENTED_EDGE('',*,*,#981,.T.);
#1271=ORIENTED_EDGE('',*,*,#977,.F.);
#1272=ORIENTED_EDGE('',*,*,#982,.F.);
#1273=ORIENTED_EDGE('',*,*,#983,.T.);
#1274=ORIENTED_EDGE('',*,*,#984,.T.);
#1275=ORIENTED_EDGE('',*,*,#980,.F.);
#1276=ORIENTED_EDGE('',*,*,#985,.F.);
#1277=ORIENTED_EDGE('',*,*,#986,.T.);
#1278=ORIENTED_EDGE('',*,*,#987,.T.);
#1279=ORIENTED_EDGE('',*,*,#983,.F.);
#1280=ORIENTED_EDGE('',*,*,#988,.F.);
#1281=ORIENTED_EDGE('',*,*,#975,.T.);
#1282=ORIENTED_EDGE('',*,*,#989,.T.);
#1283=ORIENTED_EDGE('',*,*,#986,.F.);
#1284=ORIENTED_EDGE('',*,*,#989,.F.);
#1285=ORIENTED_EDGE('',*,*,#974,.F.);
#1286=ORIENTED_EDGE('',*,*,#978,.F.);
#1287=ORIENTED_EDGE('',*,*,#981,.F.);
#1288=ORIENTED_EDGE('',*,*,#984,.F.);
#1289=ORIENTED_EDGE('',*,*,#987,.F.);
#1290=ORIENTED_EDGE('',*,*,#990,.F.);
#1291=ORIENTED_EDGE('',*,*,#991,.T.);
#1292=ORIENTED_EDGE('',*,*,#992,.T.);
#1293=ORIENTED_EDGE('',*,*,#993,.F.);
#1294=ORIENTED_EDGE('',*,*,#994,.F.);
#1295=ORIENTED_EDGE('',*,*,#995,.T.);
#1296=ORIENTED_EDGE('',*,*,#996,.T.);
#1297=ORIENTED_EDGE('',*,*,#991,.F.);
#1298=ORIENTED_EDGE('',*,*,#997,.F.);
#1299=ORIENTED_EDGE('',*,*,#998,.T.);
#1300=ORIENTED_EDGE('',*,*,#999,.T.);
#1301=ORIENTED_EDGE('',*,*,#995,.F.);
#1302=ORIENTED_EDGE('',*,*,#1000,.F.);
#1303=ORIENTED_EDGE('',*,*,#1001,.T.);
#1304=ORIENTED_EDGE('',*,*,#1002,.T.);
#1305=ORIENTED_EDGE('',*,*,#998,.F.);
#1306=ORIENTED_EDGE('',*,*,#1003,.F.);
#1307=ORIENTED_EDGE('',*,*,#1004,.T.);
#1308=ORIENTED_EDGE('',*,*,#1005,.T.);
#1309=ORIENTED_EDGE('',*,*,#1001,.F.);
#1310=ORIENTED_EDGE('',*,*,#1006,.F.);
#1311=ORIENTED_EDGE('',*,*,#993,.T.);
#1312=ORIENTED_EDGE('',*,*,#1007,.T.);
#1313=ORIENTED_EDGE('',*,*,#1004,.F.);
#1314=ORIENTED_EDGE('',*,*,#1007,.F.);
#1315=ORIENTED_EDGE('',*,*,#992,.F.);
#1316=ORIENTED_EDGE('',*,*,#996,.F.);
#1317=ORIENTED_EDGE('',*,*,#999,.F.);
#1318=ORIENTED_EDGE('',*,*,#1002,.F.);
#1319=ORIENTED_EDGE('',*,*,#1005,.F.);
#1320=ORIENTED_EDGE('',*,*,#1008,.F.);
#1321=ORIENTED_EDGE('',*,*,#1009,.T.);
#1322=ORIENTED_EDGE('',*,*,#1010,.T.);
#1323=ORIENTED_EDGE('',*,*,#1011,.F.);
#1324=ORIENTED_EDGE('',*,*,#1012,.F.);
#1325=ORIENTED_EDGE('',*,*,#1013,.T.);
#1326=ORIENTED_EDGE('',*,*,#1014,.T.);
#1327=ORIENTED_EDGE('',*,*,#1009,.F.);
#1328=ORIENTED_EDGE('',*,*,#1015,.F.);
#1329=ORIENTED_EDGE('',*,*,#1016,.T.);
#1330=ORIENTED_EDGE('',*,*,#1017,.T.);
#1331=ORIENTED_EDGE('',*,*,#1013,.F.);
#1332=ORIENTED_EDGE('',*,*,#1018,.F.);
#1333=ORIENTED_EDGE('',*,*,#1019,.T.);
#1334=ORIENTED_EDGE('',*,*,#1020,.T.);
#1335=ORIENTED_EDGE('',*,*,#1016,.F.);
#1336=ORIENTED_EDGE('',*,*,#1021,.F.);
#1337=ORIENTED_EDGE('',*,*,#1022,.T.);
#1338=ORIENTED_EDGE('',*,*,#1023,.T.);
#1339=ORIENTED_EDGE('',*,*,#1019,.F.);
#1340=ORIENTED_EDGE('',*,*,#1024,.F.);
#1341=ORIENTED_EDGE('',*,*,#1011,.T.);
#1342=ORIENTED_EDGE('',*,*,#1025,.T.);
#1343=ORIENTED_EDGE('',*,*,#1022,.F.);
#1344=ORIENTED_EDGE('',*,*,#1025,.F.);
#1345=ORIENTED_EDGE('',*,*,#1010,.F.);
#1346=ORIENTED_EDGE('',*,*,#1014,.F.);
#1347=ORIENTED_EDGE('',*,*,#1017,.F.);
#1348=ORIENTED_EDGE('',*,*,#1020,.F.);
#1349=ORIENTED_EDGE('',*,*,#1023,.F.);
#1350=ORIENTED_EDGE('',*,*,#1026,.F.);
#1351=ORIENTED_EDGE('',*,*,#1027,.T.);
#1352=ORIENTED_EDGE('',*,*,#1028,.T.);
#1353=ORIENTED_EDGE('',*,*,#1029,.F.);
#1354=ORIENTED_EDGE('',*,*,#1030,.F.);
#1355=ORIENTED_EDGE('',*,*,#1031,.T.);
#1356=ORIENTED_EDGE('',*,*,#1032,.T.);
#1357=ORIENTED_EDGE('',*,*,#1027,.F.);
#1358=ORIENTED_EDGE('',*,*,#1033,.F.);
#1359=ORIENTED_EDGE('',*,*,#1034,.T.);
#1360=ORIENTED_EDGE('',*,*,#1035,.T.);
#1361=ORIENTED_EDGE('',*,*,#1031,.F.);
#1362=ORIENTED_EDGE('',*,*,#1036,.F.);
#1363=ORIENTED_EDGE('',*,*,#1037,.T.);
#1364=ORIENTED_EDGE('',*,*,#1038,.T.);
#1365=ORIENTED_EDGE('',*,*,#1034,.F.);
#1366=ORIENTED_EDGE('',*,*,#1039,.F.);
#1367=ORIENTED_EDGE('',*,*,#1040,.T.);
#1368=ORIENTED_EDGE('',*,*,#1041,.T.);
#1369=ORIENTED_EDGE('',*,*,#1037,.F.);
#1370=ORIENTED_EDGE('',*,*,#1042,.F.);
#1371=ORIENTED_EDGE('',*,*,#1029,.T.);
#1372=ORIENTED_EDGE('',*,*,#1043,.T.);
#1373=ORIENTED_EDGE('',*,*,#1040,.F.);
#1374=ORIENTED_EDGE('',*,*,#1043,.F.);
#1375=ORIENTED_EDGE('',*,*,#1028,.F.);
#1376=ORIENTED_EDGE('',*,*,#1032,.F.);
#1377=ORIENTED_EDGE('',*,*,#1035,.F.);
#1378=ORIENTED_EDGE('',*,*,#1038,.F.);
#1379=ORIENTED_EDGE('',*,*,#1041,.F.);
#1380=ORIENTED_EDGE('',*,*,#1044,.F.);
#1381=ORIENTED_EDGE('',*,*,#1045,.T.);
#1382=ORIENTED_EDGE('',*,*,#1046,.T.);
#1383=ORIENTED_EDGE('',*,*,#1047,.F.);
#1384=ORIENTED_EDGE('',*,*,#1048,.F.);
#1385=ORIENTED_EDGE('',*,*,#1049,.T.);
#1386=ORIENTED_EDGE('',*,*,#1050,.T.);
#1387=ORIENTED_EDGE('',*,*,#1045,.F.);
#1388=ORIENTED_EDGE('',*,*,#1051,.F.);
#1389=ORIENTED_EDGE('',*,*,#1052,.T.);
#1390=ORIENTED_EDGE('',*,*,#1053,.T.);
#1391=ORIENTED_EDGE('',*,*,#1049,.F.);
#1392=ORIENTED_EDGE('',*,*,#1054,.F.);
#1393=ORIENTED_EDGE('',*,*,#1055,.T.);
#1394=ORIENTED_EDGE('',*,*,#1056,.T.);
#1395=ORIENTED_EDGE('',*,*,#1052,.F.);
#1396=ORIENTED_EDGE('',*,*,#1057,.F.);
#1397=ORIENTED_EDGE('',*,*,#1058,.T.);
#1398=ORIENTED_EDGE('',*,*,#1059,.T.);
#1399=ORIENTED_EDGE('',*,*,#1055,.F.);
#1400=ORIENTED_EDGE('',*,*,#1060,.F.);
#1401=ORIENTED_EDGE('',*,*,#1047,.T.);
#1402=ORIENTED_EDGE('',*,*,#1061,.T.);
#1403=ORIENTED_EDGE('',*,*,#1058,.F.);
#1404=ORIENTED_EDGE('',*,*,#1061,.F.);
#1405=ORIENTED_EDGE('',*,*,#1046,.F.);
#1406=ORIENTED_EDGE('',*,*,#1050,.F.);
#1407=ORIENTED_EDGE('',*,*,#1053,.F.);
#1408=ORIENTED_EDGE('',*,*,#1056,.F.);
#1409=ORIENTED_EDGE('',*,*,#1059,.F.);
#1410=ORIENTED_EDGE('',*,*,#1062,.F.);
#1411=ORIENTED_EDGE('',*,*,#1063,.T.);
#1412=ORIENTED_EDGE('',*,*,#1064,.T.);
#1413=ORIENTED_EDGE('',*,*,#1065,.F.);
#1414=ORIENTED_EDGE('',*,*,#1066,.F.);
#1415=ORIENTED_EDGE('',*,*,#1067,.T.);
#1416=ORIENTED_EDGE('',*,*,#1068,.T.);
#1417=ORIENTED_EDGE('',*,*,#1063,.F.);
#1418=ORIENTED_EDGE('',*,*,#1069,.F.);
#1419=ORIENTED_EDGE('',*,*,#1070,.T.);
#1420=ORIENTED_EDGE('',*,*,#1071,.T.);
#1421=ORIENTED_EDGE('',*,*,#1067,.F.);
#1422=ORIENTED_EDGE('',*,*,#1072,.F.);
#1423=ORIENTED_EDGE('',*,*,#1073,.T.);
#1424=ORIENTED_EDGE('',*,*,#1074,.T.);
#1425=ORIENTED_EDGE('',*,*,#1070,.F.);
#1426=ORIENTED_EDGE('',*,*,#1075,.F.);
#1427=ORIENTED_EDGE('',*,*,#1076,.T.);
#1428=ORIENTED_EDGE('',*,*,#1077,.T.);
#1429=ORIENTED_EDGE('',*,*,#1073,.F.);
#1430=ORIENTED_EDGE('',*,*,#1078,.F.);
#1431=ORIENTED_EDGE('',*,*,#1065,.T.);
#1432=ORIENTED_EDGE('',*,*,#1079,.T.);
#1433=ORIENTED_EDGE('',*,*,#1076,.F.);
#1434=ORIENTED_EDGE('',*,*,#1079,.F.);
#1435=ORIENTED_EDGE('',*,*,#1064,.F.);
#1436=ORIENTED_EDGE('',*,*,#1068,.F.);
#1437=ORIENTED_EDGE('',*,*,#1071,.F.);
#1438=ORIENTED_EDGE('',*,*,#1074,.F.);
#1439=ORIENTED_EDGE('',*,*,#1077,.F.);
#1440=ORIENTED_EDGE('',*,*,#1080,.F.);
#1441=ORIENTED_EDGE('',*,*,#1081,.T.);
#1442=ORIENTED_EDGE('',*,*,#1082,.T.);
#1443=ORIENTED_EDGE('',*,*,#1083,.F.);
#1444=ORIENTED_EDGE('',*,*,#1084,.F.);
#1445=ORIENTED_EDGE('',*,*,#1085,.T.);
#1446=ORIENTED_EDGE('',*,*,#1086,.T.);
#1447=ORIENTED_EDGE('',*,*,#1081,.F.);
#1448=ORIENTED_EDGE('',*,*,#1087,.F.);
#1449=ORIENTED_EDGE('',*,*,#1088,.T.);
#1450=ORIENTED_EDGE('',*,*,#1089,.T.);
#1451=ORIENTED_EDGE('',*,*,#1085,.F.);
#1452=ORIENTED_EDGE('',*,*,#1090,.F.);
#1453=ORIENTED_EDGE('',*,*,#1091,.T.);
#1454=ORIENTED_EDGE('',*,*,#1092,.T.);
#1455=ORIENTED_EDGE('',*,*,#1088,.F.);
#1456=ORIENTED_EDGE('',*,*,#1093,.F.);
#1457=ORIENTED_EDGE('',*,*,#1094,.T.);
#1458=ORIENTED_EDGE('',*,*,#1095,.T.);
#1459=ORIENTED_EDGE('',*,*,#1091,.F.);
#1460=ORIENTED_EDGE('',*,*,#1096,.F.);
#1461=ORIENTED_EDGE('',*,*,#1083,.T.);
#1462=ORIENTED_EDGE('',*,*,#1097,.T.);
#1463=ORIENTED_EDGE('',*,*,#1094,.F.);
#1464=ORIENTED_EDGE('',*,*,#1097,.F.);
#1465=ORIENTED_EDGE('',*,*,#1082,.F.);
#1466=ORIENTED_EDGE('',*,*,#1086,.F.);
#1467=ORIENTED_EDGE('',*,*,#1089,.F.);
#1468=ORIENTED_EDGE('',*,*,#1092,.F.);
#1469=ORIENTED_EDGE('',*,*,#1095,.F.);
#1470=ORIENTED_EDGE('',*,*,#1098,.T.);
#1471=ORIENTED_EDGE('',*,*,#1099,.T.);
#1472=ORIENTED_EDGE('',*,*,#1100,.T.);
#1473=ORIENTED_EDGE('',*,*,#1101,.T.);
#1474=ORIENTED_EDGE('',*,*,#1102,.T.);
#1475=ORIENTED_EDGE('',*,*,#1103,.F.);
#1476=ORIENTED_EDGE('',*,*,#1104,.F.);
#1477=ORIENTED_EDGE('',*,*,#1105,.T.);
#1478=ORIENTED_EDGE('',*,*,#1106,.T.);
#1479=ORIENTED_EDGE('',*,*,#1107,.T.);
#1480=ORIENTED_EDGE('',*,*,#1108,.T.);
#1481=ORIENTED_EDGE('',*,*,#1109,.T.);
#1482=ORIENTED_EDGE('',*,*,#1110,.T.);
#1483=ORIENTED_EDGE('',*,*,#1111,.T.);
#1484=ORIENTED_EDGE('',*,*,#1112,.T.);
#1485=ORIENTED_EDGE('',*,*,#1113,.T.);
#1486=ORIENTED_EDGE('',*,*,#1098,.F.);
#1487=ORIENTED_EDGE('',*,*,#1114,.T.);
#1488=ORIENTED_EDGE('',*,*,#1115,.T.);
#1489=ORIENTED_EDGE('',*,*,#1116,.T.);
#1490=ORIENTED_EDGE('',*,*,#1117,.T.);
#1491=ORIENTED_EDGE('',*,*,#1118,.T.);
#1492=ORIENTED_EDGE('',*,*,#1119,.T.);
#1493=ORIENTED_EDGE('',*,*,#1120,.T.);
#1494=ORIENTED_EDGE('',*,*,#1121,.T.);
#1495=ORIENTED_EDGE('',*,*,#1122,.T.);
#1496=ORIENTED_EDGE('',*,*,#1123,.T.);
#1497=ORIENTED_EDGE('',*,*,#1124,.T.);
#1498=ORIENTED_EDGE('',*,*,#1101,.F.);
#1499=ORIENTED_EDGE('',*,*,#1125,.F.);
#1500=ORIENTED_EDGE('',*,*,#1126,.T.);
#1501=ORIENTED_EDGE('',*,*,#1114,.F.);
#1502=ORIENTED_EDGE('',*,*,#1080,.T.);
#1503=ORIENTED_EDGE('',*,*,#1096,.T.);
#1504=ORIENTED_EDGE('',*,*,#1093,.T.);
#1505=ORIENTED_EDGE('',*,*,#1090,.T.);
#1506=ORIENTED_EDGE('',*,*,#1087,.T.);
#1507=ORIENTED_EDGE('',*,*,#1084,.T.);
#1508=ORIENTED_EDGE('',*,*,#1127,.T.);
#1509=ORIENTED_EDGE('',*,*,#1128,.T.);
#1510=ORIENTED_EDGE('',*,*,#1129,.T.);
#1511=ORIENTED_EDGE('',*,*,#1130,.T.);
#1512=ORIENTED_EDGE('',*,*,#1131,.T.);
#1513=ORIENTED_EDGE('',*,*,#1132,.T.);
#1514=ORIENTED_EDGE('',*,*,#1127,.F.);
#1515=ORIENTED_EDGE('',*,*,#1133,.T.);
#1516=ORIENTED_EDGE('',*,*,#1134,.T.);
#1517=ORIENTED_EDGE('',*,*,#1135,.T.);
#1518=ORIENTED_EDGE('',*,*,#1131,.F.);
#1519=ORIENTED_EDGE('',*,*,#1136,.T.);
#1520=ORIENTED_EDGE('',*,*,#1137,.T.);
#1521=ORIENTED_EDGE('',*,*,#1138,.T.);
#1522=ORIENTED_EDGE('',*,*,#1134,.F.);
#1523=ORIENTED_EDGE('',*,*,#1139,.T.);
#1524=ORIENTED_EDGE('',*,*,#1140,.T.);
#1525=ORIENTED_EDGE('',*,*,#1141,.T.);
#1526=ORIENTED_EDGE('',*,*,#1137,.F.);
#1527=ORIENTED_EDGE('',*,*,#1142,.T.);
#1528=ORIENTED_EDGE('',*,*,#1143,.T.);
#1529=ORIENTED_EDGE('',*,*,#1144,.T.);
#1530=ORIENTED_EDGE('',*,*,#1140,.F.);
#1531=ORIENTED_EDGE('',*,*,#1145,.T.);
#1532=ORIENTED_EDGE('',*,*,#1146,.T.);
#1533=ORIENTED_EDGE('',*,*,#1147,.T.);
#1534=ORIENTED_EDGE('',*,*,#1143,.F.);
#1535=ORIENTED_EDGE('',*,*,#1148,.T.);
#1536=ORIENTED_EDGE('',*,*,#1149,.T.);
#1537=ORIENTED_EDGE('',*,*,#1150,.T.);
#1538=ORIENTED_EDGE('',*,*,#1146,.F.);
#1539=ORIENTED_EDGE('',*,*,#1151,.T.);
#1540=ORIENTED_EDGE('',*,*,#1152,.T.);
#1541=ORIENTED_EDGE('',*,*,#1153,.T.);
#1542=ORIENTED_EDGE('',*,*,#1149,.F.);
#1543=ORIENTED_EDGE('',*,*,#1154,.T.);
#1544=ORIENTED_EDGE('',*,*,#1155,.T.);
#1545=ORIENTED_EDGE('',*,*,#1156,.T.);
#1546=ORIENTED_EDGE('',*,*,#1152,.F.);
#1547=ORIENTED_EDGE('',*,*,#1157,.T.);
#1548=ORIENTED_EDGE('',*,*,#1158,.T.);
#1549=ORIENTED_EDGE('',*,*,#1159,.T.);
#1550=ORIENTED_EDGE('',*,*,#1155,.F.);
#1551=ORIENTED_EDGE('',*,*,#1160,.T.);
#1552=ORIENTED_EDGE('',*,*,#1158,.F.);
#1553=ORIENTED_EDGE('',*,*,#1161,.T.);
#1554=ORIENTED_EDGE('',*,*,#1129,.F.);
#1555=ORIENTED_EDGE('',*,*,#1162,.T.);
#1556=ORIENTED_EDGE('',*,*,#1145,.F.);
#1557=ORIENTED_EDGE('',*,*,#1163,.T.);
#1558=ORIENTED_EDGE('',*,*,#1109,.F.);
#1559=ORIENTED_EDGE('',*,*,#1164,.F.);
#1560=ORIENTED_EDGE('',*,*,#1142,.F.);
#1561=ORIENTED_EDGE('',*,*,#1165,.T.);
#1562=ORIENTED_EDGE('',*,*,#1110,.F.);
#1563=ORIENTED_EDGE('',*,*,#1163,.F.);
#1564=ORIENTED_EDGE('',*,*,#1139,.F.);
#1565=ORIENTED_EDGE('',*,*,#1166,.T.);
#1566=ORIENTED_EDGE('',*,*,#1111,.F.);
#1567=ORIENTED_EDGE('',*,*,#1165,.F.);
#1568=ORIENTED_EDGE('',*,*,#1136,.F.);
#1569=ORIENTED_EDGE('',*,*,#1167,.T.);
#1570=ORIENTED_EDGE('',*,*,#1112,.F.);
#1571=ORIENTED_EDGE('',*,*,#1166,.F.);
#1572=ORIENTED_EDGE('',*,*,#1133,.F.);
#1573=ORIENTED_EDGE('',*,*,#1168,.T.);
#1574=ORIENTED_EDGE('',*,*,#1113,.F.);
#1575=ORIENTED_EDGE('',*,*,#1167,.F.);
#1576=ORIENTED_EDGE('',*,*,#1130,.F.);
#1577=ORIENTED_EDGE('',*,*,#1169,.F.);
#1578=ORIENTED_EDGE('',*,*,#1102,.F.);
#1579=ORIENTED_EDGE('',*,*,#1168,.F.);
#1580=ORIENTED_EDGE('',*,*,#1128,.F.);
#1581=ORIENTED_EDGE('',*,*,#1132,.F.);
#1582=ORIENTED_EDGE('',*,*,#1135,.F.);
#1583=ORIENTED_EDGE('',*,*,#1138,.F.);
#1584=ORIENTED_EDGE('',*,*,#1141,.F.);
#1585=ORIENTED_EDGE('',*,*,#1144,.F.);
#1586=ORIENTED_EDGE('',*,*,#1147,.F.);
#1587=ORIENTED_EDGE('',*,*,#1150,.F.);
#1588=ORIENTED_EDGE('',*,*,#1153,.F.);
#1589=ORIENTED_EDGE('',*,*,#1156,.F.);
#1590=ORIENTED_EDGE('',*,*,#1159,.F.);
#1591=ORIENTED_EDGE('',*,*,#1162,.F.);
#1592=ORIENTED_EDGE('',*,*,#1161,.F.);
#1593=ORIENTED_EDGE('',*,*,#1170,.T.);
#1594=ORIENTED_EDGE('',*,*,#1103,.T.);
#1595=ORIENTED_EDGE('',*,*,#1169,.T.);
#1596=ORIENTED_EDGE('',*,*,#1160,.F.);
#1597=ORIENTED_EDGE('',*,*,#1171,.T.);
#1598=ORIENTED_EDGE('',*,*,#1104,.T.);
#1599=ORIENTED_EDGE('',*,*,#1170,.F.);
#1600=ORIENTED_EDGE('',*,*,#1148,.F.);
#1601=ORIENTED_EDGE('',*,*,#1164,.T.);
#1602=ORIENTED_EDGE('',*,*,#1108,.F.);
#1603=ORIENTED_EDGE('',*,*,#1172,.F.);
#1604=ORIENTED_EDGE('',*,*,#1157,.F.);
#1605=ORIENTED_EDGE('',*,*,#1173,.T.);
#1606=ORIENTED_EDGE('',*,*,#1105,.F.);
#1607=ORIENTED_EDGE('',*,*,#1171,.F.);
#1608=ORIENTED_EDGE('',*,*,#1154,.F.);
#1609=ORIENTED_EDGE('',*,*,#1174,.T.);
#1610=ORIENTED_EDGE('',*,*,#1106,.F.);
#1611=ORIENTED_EDGE('',*,*,#1173,.F.);
#1612=ORIENTED_EDGE('',*,*,#1151,.F.);
#1613=ORIENTED_EDGE('',*,*,#1172,.T.);
#1614=ORIENTED_EDGE('',*,*,#1107,.F.);
#1615=ORIENTED_EDGE('',*,*,#1174,.F.);
#1616=ORIENTED_EDGE('',*,*,#1099,.F.);
#1617=ORIENTED_EDGE('',*,*,#1124,.F.);
#1618=ORIENTED_EDGE('',*,*,#1175,.F.);
#1619=ORIENTED_EDGE('',*,*,#1176,.F.);
#1620=ORIENTED_EDGE('',*,*,#990,.T.);
#1621=ORIENTED_EDGE('',*,*,#1006,.T.);
#1622=ORIENTED_EDGE('',*,*,#1003,.T.);
#1623=ORIENTED_EDGE('',*,*,#1000,.T.);
#1624=ORIENTED_EDGE('',*,*,#997,.T.);
#1625=ORIENTED_EDGE('',*,*,#994,.T.);
#1626=ORIENTED_EDGE('',*,*,#1177,.F.);
#1627=ORIENTED_EDGE('',*,*,#1178,.T.);
#1628=ORIENTED_EDGE('',*,*,#1120,.F.);
#1629=ORIENTED_EDGE('',*,*,#1179,.F.);
#1630=ORIENTED_EDGE('',*,*,#954,.T.);
#1631=ORIENTED_EDGE('',*,*,#970,.T.);
#1632=ORIENTED_EDGE('',*,*,#967,.T.);
#1633=ORIENTED_EDGE('',*,*,#964,.T.);
#1634=ORIENTED_EDGE('',*,*,#961,.T.);
#1635=ORIENTED_EDGE('',*,*,#958,.T.);
#1636=ORIENTED_EDGE('',*,*,#972,.T.);
#1637=ORIENTED_EDGE('',*,*,#988,.T.);
#1638=ORIENTED_EDGE('',*,*,#985,.T.);
#1639=ORIENTED_EDGE('',*,*,#982,.T.);
#1640=ORIENTED_EDGE('',*,*,#979,.T.);
#1641=ORIENTED_EDGE('',*,*,#976,.T.);
#1642=ORIENTED_EDGE('',*,*,#1180,.F.);
#1643=ORIENTED_EDGE('',*,*,#1181,.T.);
#1644=ORIENTED_EDGE('',*,*,#1121,.F.);
#1645=ORIENTED_EDGE('',*,*,#1178,.F.);
#1646=ORIENTED_EDGE('',*,*,#1182,.F.);
#1647=ORIENTED_EDGE('',*,*,#1183,.T.);
#1648=ORIENTED_EDGE('',*,*,#1122,.F.);
#1649=ORIENTED_EDGE('',*,*,#1181,.F.);
#1650=ORIENTED_EDGE('',*,*,#1062,.T.);
#1651=ORIENTED_EDGE('',*,*,#1078,.T.);
#1652=ORIENTED_EDGE('',*,*,#1075,.T.);
#1653=ORIENTED_EDGE('',*,*,#1072,.T.);
#1654=ORIENTED_EDGE('',*,*,#1069,.T.);
#1655=ORIENTED_EDGE('',*,*,#1066,.T.);
#1656=ORIENTED_EDGE('',*,*,#1184,.F.);
#1657=ORIENTED_EDGE('',*,*,#1175,.T.);
#1658=ORIENTED_EDGE('',*,*,#1123,.F.);
#1659=ORIENTED_EDGE('',*,*,#1183,.F.);
#1660=ORIENTED_EDGE('',*,*,#1176,.T.);
#1661=ORIENTED_EDGE('',*,*,#1184,.T.);
#1662=ORIENTED_EDGE('',*,*,#1182,.T.);
#1663=ORIENTED_EDGE('',*,*,#1180,.T.);
#1664=ORIENTED_EDGE('',*,*,#1177,.T.);
#1665=ORIENTED_EDGE('',*,*,#1185,.T.);
#1666=ORIENTED_EDGE('',*,*,#1186,.T.);
#1667=ORIENTED_EDGE('',*,*,#1187,.T.);
#1668=ORIENTED_EDGE('',*,*,#1188,.T.);
#1669=ORIENTED_EDGE('',*,*,#1189,.T.);
#1670=ORIENTED_EDGE('',*,*,#1125,.T.);
#1671=ORIENTED_EDGE('',*,*,#1100,.F.);
#1672=ORIENTED_EDGE('',*,*,#1188,.F.);
#1673=ORIENTED_EDGE('',*,*,#1190,.T.);
#1674=ORIENTED_EDGE('',*,*,#1116,.F.);
#1675=ORIENTED_EDGE('',*,*,#1191,.F.);
#1676=ORIENTED_EDGE('',*,*,#1008,.T.);
#1677=ORIENTED_EDGE('',*,*,#1024,.T.);
#1678=ORIENTED_EDGE('',*,*,#1021,.T.);
#1679=ORIENTED_EDGE('',*,*,#1018,.T.);
#1680=ORIENTED_EDGE('',*,*,#1015,.T.);
#1681=ORIENTED_EDGE('',*,*,#1012,.T.);
#1682=ORIENTED_EDGE('',*,*,#1187,.F.);
#1683=ORIENTED_EDGE('',*,*,#1192,.T.);
#1684=ORIENTED_EDGE('',*,*,#1117,.F.);
#1685=ORIENTED_EDGE('',*,*,#1190,.F.);
#1686=ORIENTED_EDGE('',*,*,#1186,.F.);
#1687=ORIENTED_EDGE('',*,*,#1193,.T.);
#1688=ORIENTED_EDGE('',*,*,#1118,.F.);
#1689=ORIENTED_EDGE('',*,*,#1192,.F.);
#1690=ORIENTED_EDGE('',*,*,#1026,.T.);
#1691=ORIENTED_EDGE('',*,*,#1042,.T.);
#1692=ORIENTED_EDGE('',*,*,#1039,.T.);
#1693=ORIENTED_EDGE('',*,*,#1036,.T.);
#1694=ORIENTED_EDGE('',*,*,#1033,.T.);
#1695=ORIENTED_EDGE('',*,*,#1030,.T.);
#1696=ORIENTED_EDGE('',*,*,#1044,.T.);
#1697=ORIENTED_EDGE('',*,*,#1060,.T.);
#1698=ORIENTED_EDGE('',*,*,#1057,.T.);
#1699=ORIENTED_EDGE('',*,*,#1054,.T.);
#1700=ORIENTED_EDGE('',*,*,#1051,.T.);
#1701=ORIENTED_EDGE('',*,*,#1048,.T.);
#1702=ORIENTED_EDGE('',*,*,#1189,.F.);
#1703=ORIENTED_EDGE('',*,*,#1191,.T.);
#1704=ORIENTED_EDGE('',*,*,#1115,.F.);
#1705=ORIENTED_EDGE('',*,*,#1126,.F.);
#1706=ORIENTED_EDGE('',*,*,#1185,.F.);
#1707=ORIENTED_EDGE('',*,*,#1179,.T.);
#1708=ORIENTED_EDGE('',*,*,#1119,.F.);
#1709=ORIENTED_EDGE('',*,*,#1193,.F.);
#1710=ORIENTED_EDGE('',*,*,#1194,.F.);
#1711=ORIENTED_EDGE('',*,*,#1195,.T.);
#1712=ORIENTED_EDGE('',*,*,#1196,.T.);
#1713=ORIENTED_EDGE('',*,*,#1194,.T.);
#1714=ORIENTED_EDGE('',*,*,#1196,.F.);
#1715=ORIENTED_EDGE('',*,*,#1195,.F.);
#1716=ORIENTED_EDGE('',*,*,#1197,.F.);
#1717=ORIENTED_EDGE('',*,*,#1198,.T.);
#1718=ORIENTED_EDGE('',*,*,#1199,.T.);
#1719=ORIENTED_EDGE('',*,*,#1197,.T.);
#1720=ORIENTED_EDGE('',*,*,#1199,.F.);
#1721=ORIENTED_EDGE('',*,*,#1198,.F.);
#1722=ORIENTED_EDGE('',*,*,#1200,.F.);
#1723=ORIENTED_EDGE('',*,*,#1201,.T.);
#1724=ORIENTED_EDGE('',*,*,#1202,.T.);
#1725=ORIENTED_EDGE('',*,*,#1200,.T.);
#1726=ORIENTED_EDGE('',*,*,#1202,.F.);
#1727=ORIENTED_EDGE('',*,*,#1201,.F.);
#1728=ORIENTED_EDGE('',*,*,#1203,.F.);
#1729=ORIENTED_EDGE('',*,*,#1204,.T.);
#1730=ORIENTED_EDGE('',*,*,#1205,.T.);
#1731=ORIENTED_EDGE('',*,*,#1203,.T.);
#1732=ORIENTED_EDGE('',*,*,#1205,.F.);
#1733=ORIENTED_EDGE('',*,*,#1204,.F.);
#1734=PLANE('',#1953);
#1735=PLANE('',#1957);
#1736=PLANE('',#1958);
#1737=PLANE('',#1962);
#1738=PLANE('',#1963);
#1739=PLANE('',#1967);
#1740=PLANE('',#1968);
#1741=PLANE('',#1972);
#1742=PLANE('',#1976);
#1743=PLANE('',#1977);
#1744=PLANE('',#1981);
#1745=PLANE('',#1982);
#1746=PLANE('',#1983);
#1747=PLANE('',#1984);
#1748=PLANE('',#1985);
#1749=PLANE('',#1989);
#1750=PLANE('',#1990);
#1751=PLANE('',#1994);
#1752=PLANE('',#1995);
#1753=PLANE('',#1999);
#1754=PLANE('',#2000);
#1755=PLANE('',#2004);
#1756=PLANE('',#2005);
#1757=PLANE('',#2009);
#1758=PLANE('',#2010);
#1759=PLANE('',#2014);
#1760=PLANE('',#2015);
#1761=PLANE('',#2016);
#1762=PLANE('',#2017);
#1763=PLANE('',#2018);
#1764=PLANE('',#2022);
#1765=PLANE('',#2023);
#1766=PLANE('',#2027);
#1767=PLANE('',#2028);
#1768=PLANE('',#2032);
#1769=PLANE('',#2033);
#1770=PLANE('',#2037);
#1771=PLANE('',#2038);
#1772=PLANE('',#2039);
#1773=PLANE('',#2040);
#1774=PLANE('',#2044);
#1775=PLANE('',#2045);
#1776=PLANE('',#2049);
#1777=PLANE('',#2050);
#1778=PLANE('',#2051);
#1779=PLANE('',#2055);
#1780=PLANE('',#2056);
#1781=PLANE('',#2060);
#1782=PLANE('',#2064);
#1783=PLANE('',#2076);
#1784=PLANE('',#2077);
#1785=PLANE('',#2081);
#1786=PLANE('',#2085);
#1787=PLANE('',#2089);
#1788=PLANE('',#2093);
#1789=PLANE('',#2097);
#1790=PLANE('',#2102);
#1791=PLANE('',#2104);
#1792=PLANE('',#2106);
#1793=PLANE('',#2107);
#1794=PLANE('',#2109);
#1795=PLANE('',#2110);
#1796=PLANE('',#2112);
#1797=PLANE('',#2114);
#1798=PLANE('',#2115);
#1799=PLANE('',#2118);
#1800=PLANE('',#2121);
#1801=PLANE('',#2125);
#1802=PLANE('',#2127);
#1803=PLANE('',#2130);
#1804=PLANE('',#2134);
#1805=PLANE('',#2135);
#1806=PLANE('',#2139);
#1807=PLANE('',#2140);
#1808=PLANE('',#2144);
#1809=PLANE('',#2145);
#1810=PLANE('',#2149);
#1811=ADVANCED_FACE('',(#445),#1734,.T.);
#1812=ADVANCED_FACE('',(#446),#409,.F.);
#1813=ADVANCED_FACE('',(#447),#1735,.F.);
#1814=ADVANCED_FACE('',(#448),#1736,.T.);
#1815=ADVANCED_FACE('',(#449),#410,.F.);
#1816=ADVANCED_FACE('',(#450),#1737,.F.);
#1817=ADVANCED_FACE('',(#451),#1738,.T.);
#1818=ADVANCED_FACE('',(#452),#411,.F.);
#1819=ADVANCED_FACE('',(#453),#1739,.F.);
#1820=ADVANCED_FACE('',(#454),#1740,.T.);
#1821=ADVANCED_FACE('',(#455),#412,.F.);
#1822=ADVANCED_FACE('',(#456),#1741,.F.);
#1823=ADVANCED_FACE('',(#457),#413,.F.);
#1824=ADVANCED_FACE('',(#458),#1742,.F.);
#1825=ADVANCED_FACE('',(#459),#1743,.F.);
#1826=ADVANCED_FACE('',(#460),#414,.F.);
#1827=ADVANCED_FACE('',(#461),#1744,.F.);
#1828=ADVANCED_FACE('',(#462),#1745,.F.);
#1829=ADVANCED_FACE('',(#463),#1746,.T.);
#1830=ADVANCED_FACE('',(#464),#1747,.F.);
#1831=ADVANCED_FACE('',(#465),#1748,.F.);
#1832=ADVANCED_FACE('',(#466),#415,.F.);
#1833=ADVANCED_FACE('',(#467),#1749,.F.);
#1834=ADVANCED_FACE('',(#468),#1750,.F.);
#1835=ADVANCED_FACE('',(#469),#416,.F.);
#1836=ADVANCED_FACE('',(#470),#1751,.T.);
#1837=ADVANCED_FACE('',(#471),#1752,.F.);
#1838=ADVANCED_FACE('',(#472),#417,.F.);
#1839=ADVANCED_FACE('',(#473),#1753,.F.);
#1840=ADVANCED_FACE('',(#474),#1754,.F.);
#1841=ADVANCED_FACE('',(#475),#418,.F.);
#1842=ADVANCED_FACE('',(#476),#1755,.F.);
#1843=ADVANCED_FACE('',(#477),#1756,.T.);
#1844=ADVANCED_FACE('',(#478),#419,.F.);
#1845=ADVANCED_FACE('',(#479),#1757,.F.);
#1846=ADVANCED_FACE('',(#480),#1758,.F.);
#1847=ADVANCED_FACE('',(#481),#420,.F.);
#1848=ADVANCED_FACE('',(#482),#1759,.F.);
#1849=ADVANCED_FACE('',(#483),#1760,.F.);
#1850=ADVANCED_FACE('',(#484),#1761,.T.);
#1851=ADVANCED_FACE('',(#485),#1762,.F.);
#1852=ADVANCED_FACE('',(#486),#1763,.F.);
#1853=ADVANCED_FACE('',(#487),#421,.F.);
#1854=ADVANCED_FACE('',(#488),#1764,.F.);
#1855=ADVANCED_FACE('',(#489),#1765,.F.);
#1856=ADVANCED_FACE('',(#490),#422,.F.);
#1857=ADVANCED_FACE('',(#491),#1766,.T.);
#1858=ADVANCED_FACE('',(#492),#1767,.F.);
#1859=ADVANCED_FACE('',(#493),#423,.F.);
#1860=ADVANCED_FACE('',(#494),#1768,.F.);
#1861=ADVANCED_FACE('',(#495),#1769,.F.);
#1862=ADVANCED_FACE('',(#496),#424,.F.);
#1863=ADVANCED_FACE('',(#497),#1770,.F.);
#1864=ADVANCED_FACE('',(#498),#1771,.T.);
#1865=ADVANCED_FACE('',(#499),#1772,.F.);
#1866=ADVANCED_FACE('',(#500),#1773,.F.);
#1867=ADVANCED_FACE('',(#501),#425,.F.);
#1868=ADVANCED_FACE('',(#502),#1774,.F.);
#1869=ADVANCED_FACE('',(#503),#1775,.F.);
#1870=ADVANCED_FACE('',(#504),#426,.F.);
#1871=ADVANCED_FACE('',(#505),#1776,.T.);
#1872=ADVANCED_FACE('',(#506),#1777,.F.);
#1873=ADVANCED_FACE('',(#507),#1778,.F.);
#1874=ADVANCED_FACE('',(#508),#427,.F.);
#1875=ADVANCED_FACE('',(#509),#1779,.F.);
#1876=ADVANCED_FACE('',(#510),#1780,.F.);
#1877=ADVANCED_FACE('',(#511),#428,.F.);
#1878=ADVANCED_FACE('',(#512),#1781,.T.);
#1879=ADVANCED_FACE('',(#513),#429,.T.);
#1880=ADVANCED_FACE('',(#514,#20),#1782,.T.);
#1881=ADVANCED_FACE('',(#515,#21),#1783,.F.);
#1882=ADVANCED_FACE('',(#516),#1784,.T.);
#1883=ADVANCED_FACE('',(#517),#14,.T.);
#1884=ADVANCED_FACE('',(#518),#1785,.T.);
#1885=ADVANCED_FACE('',(#519),#15,.T.);
#1886=ADVANCED_FACE('',(#520),#1786,.T.);
#1887=ADVANCED_FACE('',(#521),#16,.T.);
#1888=ADVANCED_FACE('',(#522),#1787,.T.);
#1889=ADVANCED_FACE('',(#523),#17,.T.);
#1890=ADVANCED_FACE('',(#524),#1788,.T.);
#1891=ADVANCED_FACE('',(#525),#18,.T.);
#1892=ADVANCED_FACE('',(#526),#1789,.T.);
#1893=ADVANCED_FACE('',(#527),#19,.F.);
#1894=ADVANCED_FACE('',(#528),#430,.T.);
#1895=ADVANCED_FACE('',(#529),#1790,.T.);
#1896=ADVANCED_FACE('',(#530),#431,.T.);
#1897=ADVANCED_FACE('',(#531),#1791,.T.);
#1898=ADVANCED_FACE('',(#532),#432,.T.);
#1899=ADVANCED_FACE('',(#533),#1792,.T.);
#1900=ADVANCED_FACE('',(#534),#1793,.F.);
#1901=ADVANCED_FACE('',(#535),#433,.F.);
#1902=ADVANCED_FACE('',(#536),#1794,.T.);
#1903=ADVANCED_FACE('',(#537),#1795,.T.);
#1904=ADVANCED_FACE('',(#538),#434,.T.);
#1905=ADVANCED_FACE('',(#539),#1796,.T.);
#1906=ADVANCED_FACE('',(#540),#435,.T.);
#1907=ADVANCED_FACE('',(#541,#22),#1797,.F.);
#1908=ADVANCED_FACE('',(#542,#23,#24),#1798,.F.);
#1909=ADVANCED_FACE('',(#543),#436,.F.);
#1910=ADVANCED_FACE('',(#544,#25),#1799,.F.);
#1911=ADVANCED_FACE('',(#545),#437,.F.);
#1912=ADVANCED_FACE('',(#546),#1800,.T.);
#1913=ADVANCED_FACE('',(#547,#26),#1801,.F.);
#1914=ADVANCED_FACE('',(#548),#438,.F.);
#1915=ADVANCED_FACE('',(#549,#27,#28),#1802,.F.);
#1916=ADVANCED_FACE('',(#550),#439,.F.);
#1917=ADVANCED_FACE('',(#551),#440,.F.);
#1918=ADVANCED_FACE('',(#552),#1803,.T.);
#1919=ADVANCED_FACE('',(#553),#441,.F.);
#1920=ADVANCED_FACE('',(#554),#1804,.F.);
#1921=ADVANCED_FACE('',(#555),#1805,.T.);
#1922=ADVANCED_FACE('',(#556),#442,.F.);
#1923=ADVANCED_FACE('',(#557),#1806,.F.);
#1924=ADVANCED_FACE('',(#558),#1807,.T.);
#1925=ADVANCED_FACE('',(#559),#443,.F.);
#1926=ADVANCED_FACE('',(#560),#1808,.F.);
#1927=ADVANCED_FACE('',(#561),#1809,.T.);
#1928=ADVANCED_FACE('',(#562),#444,.F.);
#1929=ADVANCED_FACE('',(#563),#1810,.F.);
#1930=CLOSED_SHELL('',(#1811,#1812,#1813));
#1931=CLOSED_SHELL('',(#1814,#1815,#1816));
#1932=CLOSED_SHELL('',(#1817,#1818,#1819));
#1933=CLOSED_SHELL('',(#1820,#1821,#1822));
#1934=CLOSED_SHELL('',(#1823,#1824,#1825,#1826,#1827,#1828,#1829,#1830,
#1831,#1832,#1833,#1834,#1835,#1836,#1837,#1838,#1839,#1840,#1841,#1842,
#1843,#1844,#1845,#1846,#1847,#1848,#1849,#1850,#1851,#1852,#1853,#1854,
#1855,#1856,#1857,#1858,#1859,#1860,#1861,#1862,#1863,#1864,#1865,#1866,
#1867,#1868,#1869,#1870,#1871,#1872,#1873,#1874,#1875,#1876,#1877,#1878,
#1879,#1880,#1881,#1882,#1883,#1884,#1885,#1886,#1887,#1888,#1889,#1890,
#1891,#1892,#1893,#1894,#1895,#1896,#1897,#1898,#1899,#1900,#1901,#1902,
#1903,#1904,#1905,#1906,#1907,#1908,#1909,#1910,#1911,#1912,#1913,#1914,
#1915,#1916,#1917));
#1935=CLOSED_SHELL('',(#1918,#1919,#1920));
#1936=CLOSED_SHELL('',(#1921,#1922,#1923));
#1937=CLOSED_SHELL('',(#1924,#1925,#1926));
#1938=CLOSED_SHELL('',(#1927,#1928,#1929));
#1939=BREP_WITH_VOIDS('Body13',#1934,(#29,#30,#31,#32,#33,#34,#35,#36));
#1940=DERIVED_UNIT_ELEMENT(#1942,1.);
#1941=DERIVED_UNIT_ELEMENT(#3293,-3.);
#1942=(
MASS_UNIT()
NAMED_UNIT(*)
SI_UNIT(.KILO.,.GRAM.)
);
#1943=DERIVED_UNIT((#1940,#1941));
#1944=MEASURE_REPRESENTATION_ITEM('density measure',
POSITIVE_RATIO_MEASURE(7850.),#1943);
#1945=PROPERTY_DEFINITION_REPRESENTATION(#1950,#1947);
#1946=PROPERTY_DEFINITION_REPRESENTATION(#1951,#1948);
#1947=REPRESENTATION('material name',(#1949),#3290);
#1948=REPRESENTATION('density',(#1944),#3290);
#1949=DESCRIPTIVE_REPRESENTATION_ITEM('Steel','Steel');
#1950=PROPERTY_DEFINITION('material property','material name',#3300);
#1951=PROPERTY_DEFINITION('material property','density of part',#3300);
#1952=AXIS2_PLACEMENT_3D('',#2732,#2150,#2151);
#1953=AXIS2_PLACEMENT_3D('',#2733,#2152,#2153);
#1954=AXIS2_PLACEMENT_3D('',#2735,#2154,#2155);
#1955=AXIS2_PLACEMENT_3D('',#2736,#2156,#2157);
#1956=AXIS2_PLACEMENT_3D('',#2738,#2158,#2159);
#1957=AXIS2_PLACEMENT_3D('',#2740,#2161,#2162);
#1958=AXIS2_PLACEMENT_3D('',#2741,#2163,#2164);
#1959=AXIS2_PLACEMENT_3D('',#2743,#2165,#2166);
#1960=AXIS2_PLACEMENT_3D('',#2744,#2167,#2168);
#1961=AXIS2_PLACEMENT_3D('',#2746,#2169,#2170);
#1962=AXIS2_PLACEMENT_3D('',#2748,#2172,#2173);
#1963=AXIS2_PLACEMENT_3D('',#2749,#2174,#2175);
#1964=AXIS2_PLACEMENT_3D('',#2751,#2176,#2177);
#1965=AXIS2_PLACEMENT_3D('',#2752,#2178,#2179);
#1966=AXIS2_PLACEMENT_3D('',#2754,#2180,#2181);
#1967=AXIS2_PLACEMENT_3D('',#2756,#2183,#2184);
#1968=AXIS2_PLACEMENT_3D('',#2757,#2185,#2186);
#1969=AXIS2_PLACEMENT_3D('',#2759,#2187,#2188);
#1970=AXIS2_PLACEMENT_3D('',#2760,#2189,#2190);
#1971=AXIS2_PLACEMENT_3D('',#2762,#2191,#2192);
#1972=AXIS2_PLACEMENT_3D('',#2764,#2194,#2195);
#1973=AXIS2_PLACEMENT_3D('',#2765,#2196,#2197);
#1974=AXIS2_PLACEMENT_3D('',#2768,#2198,#2199);
#1975=AXIS2_PLACEMENT_3D('',#2772,#2201,#2202);
#1976=AXIS2_PLACEMENT_3D('',#2774,#2204,#2205);
#1977=AXIS2_PLACEMENT_3D('',#2780,#2209,#2210);
#1978=AXIS2_PLACEMENT_3D('',#2786,#2214,#2215);
#1979=AXIS2_PLACEMENT_3D('',#2788,#2216,#2217);
#1980=AXIS2_PLACEMENT_3D('',#2791,#2219,#2220);
#1981=AXIS2_PLACEMENT_3D('',#2792,#2221,#2222);
#1982=AXIS2_PLACEMENT_3D('',#2798,#2226,#2227);
#1983=AXIS2_PLACEMENT_3D('',#2801,#2230,#2231);
#1984=AXIS2_PLACEMENT_3D('',#2802,#2232,#2233);
#1985=AXIS2_PLACEMENT_3D('',#2811,#2238,#2239);
#1986=AXIS2_PLACEMENT_3D('',#2817,#2243,#2244);
#1987=AXIS2_PLACEMENT_3D('',#2819,#2245,#2246);
#1988=AXIS2_PLACEMENT_3D('',#2822,#2248,#2249);
#1989=AXIS2_PLACEMENT_3D('',#2823,#2250,#2251);
#1990=AXIS2_PLACEMENT_3D('',#2829,#2255,#2256);
#1991=AXIS2_PLACEMENT_3D('',#2835,#2260,#2261);
#1992=AXIS2_PLACEMENT_3D('',#2836,#2262,#2263);
#1993=AXIS2_PLACEMENT_3D('',#2837,#2264,#2265);
#1994=AXIS2_PLACEMENT_3D('',#2838,#2266,#2267);
#1995=AXIS2_PLACEMENT_3D('',#2839,#2268,#2269);
#1996=AXIS2_PLACEMENT_3D('',#2848,#2274,#2275);
#1997=AXIS2_PLACEMENT_3D('',#2850,#2276,#2277);
#1998=AXIS2_PLACEMENT_3D('',#2853,#2279,#2280);
#1999=AXIS2_PLACEMENT_3D('',#2854,#2281,#2282);
#2000=AXIS2_PLACEMENT_3D('',#2860,#2286,#2287);
#2001=AXIS2_PLACEMENT_3D('',#2866,#2291,#2292);
#2002=AXIS2_PLACEMENT_3D('',#2868,#2293,#2294);
#2003=AXIS2_PLACEMENT_3D('',#2871,#2296,#2297);
#2004=AXIS2_PLACEMENT_3D('',#2872,#2298,#2299);
#2005=AXIS2_PLACEMENT_3D('',#2875,#2302,#2303);
#2006=AXIS2_PLACEMENT_3D('',#2876,#2304,#2305);
#2007=AXIS2_PLACEMENT_3D('',#2879,#2306,#2307);
#2008=AXIS2_PLACEMENT_3D('',#2883,#2309,#2310);
#2009=AXIS2_PLACEMENT_3D('',#2885,#2312,#2313);
#2010=AXIS2_PLACEMENT_3D('',#2891,#2317,#2318);
#2011=AXIS2_PLACEMENT_3D('',#2897,#2322,#2323);
#2012=AXIS2_PLACEMENT_3D('',#2899,#2324,#2325);
#2013=AXIS2_PLACEMENT_3D('',#2902,#2327,#2328);
#2014=AXIS2_PLACEMENT_3D('',#2903,#2329,#2330);
#2015=AXIS2_PLACEMENT_3D('',#2909,#2334,#2335);
#2016=AXIS2_PLACEMENT_3D('',#2912,#2338,#2339);
#2017=AXIS2_PLACEMENT_3D('',#2913,#2340,#2341);
#2018=AXIS2_PLACEMENT_3D('',#2922,#2346,#2347);
#2019=AXIS2_PLACEMENT_3D('',#2928,#2351,#2352);
#2020=AXIS2_PLACEMENT_3D('',#2930,#2353,#2354);
#2021=AXIS2_PLACEMENT_3D('',#2933,#2356,#2357);
#2022=AXIS2_PLACEMENT_3D('',#2934,#2358,#2359);
#2023=AXIS2_PLACEMENT_3D('',#2940,#2363,#2364);
#2024=AXIS2_PLACEMENT_3D('',#2946,#2368,#2369);
#2025=AXIS2_PLACEMENT_3D('',#2947,#2370,#2371);
#2026=AXIS2_PLACEMENT_3D('',#2948,#2372,#2373);
#2027=AXIS2_PLACEMENT_3D('',#2949,#2374,#2375);
#2028=AXIS2_PLACEMENT_3D('',#2950,#2376,#2377);
#2029=AXIS2_PLACEMENT_3D('',#2959,#2382,#2383);
#2030=AXIS2_PLACEMENT_3D('',#2961,#2384,#2385);
#2031=AXIS2_PLACEMENT_3D('',#2964,#2387,#2388);
#2032=AXIS2_PLACEMENT_3D('',#2965,#2389,#2390);
#2033=AXIS2_PLACEMENT_3D('',#2971,#2394,#2395);
#2034=AXIS2_PLACEMENT_3D('',#2977,#2399,#2400);
#2035=AXIS2_PLACEMENT_3D('',#2979,#2401,#2402);
#2036=AXIS2_PLACEMENT_3D('',#2982,#2404,#2405);
#2037=AXIS2_PLACEMENT_3D('',#2983,#2406,#2407);
#2038=AXIS2_PLACEMENT_3D('',#2986,#2410,#2411);
#2039=AXIS2_PLACEMENT_3D('',#2987,#2412,#2413);
#2040=AXIS2_PLACEMENT_3D('',#2996,#2418,#2419);
#2041=AXIS2_PLACEMENT_3D('',#3002,#2423,#2424);
#2042=AXIS2_PLACEMENT_3D('',#3004,#2425,#2426);
#2043=AXIS2_PLACEMENT_3D('',#3007,#2428,#2429);
#2044=AXIS2_PLACEMENT_3D('',#3008,#2430,#2431);
#2045=AXIS2_PLACEMENT_3D('',#3014,#2435,#2436);
#2046=AXIS2_PLACEMENT_3D('',#3020,#2440,#2441);
#2047=AXIS2_PLACEMENT_3D('',#3021,#2442,#2443);
#2048=AXIS2_PLACEMENT_3D('',#3022,#2444,#2445);
#2049=AXIS2_PLACEMENT_3D('',#3023,#2446,#2447);
#2050=AXIS2_PLACEMENT_3D('',#3024,#2448,#2449);
#2051=AXIS2_PLACEMENT_3D('',#3033,#2454,#2455);
#2052=AXIS2_PLACEMENT_3D('',#3039,#2459,#2460);
#2053=AXIS2_PLACEMENT_3D('',#3041,#2461,#2462);
#2054=AXIS2_PLACEMENT_3D('',#3044,#2464,#2465);
#2055=AXIS2_PLACEMENT_3D('',#3045,#2466,#2467);
#2056=AXIS2_PLACEMENT_3D('',#3051,#2471,#2472);
#2057=AXIS2_PLACEMENT_3D('',#3057,#2476,#2477);
#2058=AXIS2_PLACEMENT_3D('',#3058,#2478,#2479);
#2059=AXIS2_PLACEMENT_3D('',#3059,#2480,#2481);
#2060=AXIS2_PLACEMENT_3D('',#3060,#2482,#2483);
#2061=AXIS2_PLACEMENT_3D('',#3061,#2484,#2485);
#2062=AXIS2_PLACEMENT_3D('',#3064,#2486,#2487);
#2063=AXIS2_PLACEMENT_3D('',#3068,#2489,#2490);
#2064=AXIS2_PLACEMENT_3D('',#3070,#2492,#2493);
#2065=AXIS2_PLACEMENT_3D('',#3075,#2495,#2496);
#2066=AXIS2_PLACEMENT_3D('',#3079,#2498,#2499);
#2067=AXIS2_PLACEMENT_3D('',#3083,#2501,#2502);
#2068=AXIS2_PLACEMENT_3D('',#3087,#2504,#2505);
#2069=AXIS2_PLACEMENT_3D('',#3091,#2507,#2508);
#2070=AXIS2_PLACEMENT_3D('',#3094,#2510,#2511);
#2071=AXIS2_PLACEMENT_3D('',#3098,#2513,#2514);
#2072=AXIS2_PLACEMENT_3D('',#3102,#2516,#2517);
#2073=AXIS2_PLACEMENT_3D('',#3106,#2519,#2520);
#2074=AXIS2_PLACEMENT_3D('',#3110,#2522,#2523);
#2075=AXIS2_PLACEMENT_3D('',#3114,#2525,#2526);
#2076=AXIS2_PLACEMENT_3D('',#3116,#2528,#2529);
#2077=AXIS2_PLACEMENT_3D('',#3120,#2532,#2533);
#2078=AXIS2_PLACEMENT_3D('',#3129,#2538,#2539);
#2079=AXIS2_PLACEMENT_3D('',#3133,#2541,#2542);
#2080=AXIS2_PLACEMENT_3D('',#3134,#2543,#2544);
#2081=AXIS2_PLACEMENT_3D('',#3135,#2545,#2546);
#2082=AXIS2_PLACEMENT_3D('',#3141,#2550,#2551);
#2083=AXIS2_PLACEMENT_3D('',#3145,#2553,#2554);
#2084=AXIS2_PLACEMENT_3D('',#3146,#2555,#2556);
#2085=AXIS2_PLACEMENT_3D('',#3147,#2557,#2558);
#2086=AXIS2_PLACEMENT_3D('',#3153,#2562,#2563);
#2087=AXIS2_PLACEMENT_3D('',#3157,#2565,#2566);
#2088=AXIS2_PLACEMENT_3D('',#3158,#2567,#2568);
#2089=AXIS2_PLACEMENT_3D('',#3159,#2569,#2570);
#2090=AXIS2_PLACEMENT_3D('',#3165,#2574,#2575);
#2091=AXIS2_PLACEMENT_3D('',#3169,#2577,#2578);
#2092=AXIS2_PLACEMENT_3D('',#3170,#2579,#2580);
#2093=AXIS2_PLACEMENT_3D('',#3171,#2581,#2582);
#2094=AXIS2_PLACEMENT_3D('',#3177,#2586,#2587);
#2095=AXIS2_PLACEMENT_3D('',#3181,#2589,#2590);
#2096=AXIS2_PLACEMENT_3D('',#3182,#2591,#2592);
#2097=AXIS2_PLACEMENT_3D('',#3183,#2593,#2594);
#2098=AXIS2_PLACEMENT_3D('',#3189,#2598,#2599);
#2099=AXIS2_PLACEMENT_3D('',#3190,#2600,#2601);
#2100=AXIS2_PLACEMENT_3D('',#3191,#2602,#2603);
#2101=AXIS2_PLACEMENT_3D('',#3192,#2604,#2605);
#2102=AXIS2_PLACEMENT_3D('',#3195,#2608,#2609);
#2103=AXIS2_PLACEMENT_3D('',#3197,#2611,#2612);
#2104=AXIS2_PLACEMENT_3D('',#3199,#2614,#2615);
#2105=AXIS2_PLACEMENT_3D('',#3201,#2617,#2618);
#2106=AXIS2_PLACEMENT_3D('',#3203,#2620,#2621);
#2107=AXIS2_PLACEMENT_3D('',#3205,#2623,#2624);
#2108=AXIS2_PLACEMENT_3D('',#3206,#2625,#2626);
#2109=AXIS2_PLACEMENT_3D('',#3208,#2628,#2629);
#2110=AXIS2_PLACEMENT_3D('',#3210,#2631,#2632);
#2111=AXIS2_PLACEMENT_3D('',#3212,#2634,#2635);
#2112=AXIS2_PLACEMENT_3D('',#3214,#2637,#2638);
#2113=AXIS2_PLACEMENT_3D('',#3216,#2640,#2641);
#2114=AXIS2_PLACEMENT_3D('',#3217,#2642,#2643);
#2115=AXIS2_PLACEMENT_3D('',#3221,#2646,#2647);
#2116=AXIS2_PLACEMENT_3D('',#3227,#2651,#2652);
#2117=AXIS2_PLACEMENT_3D('',#3229,#2653,#2654);
#2118=AXIS2_PLACEMENT_3D('',#3231,#2656,#2657);
#2119=AXIS2_PLACEMENT_3D('',#3235,#2660,#2661);
#2120=AXIS2_PLACEMENT_3D('',#3236,#2662,#2663);
#2121=AXIS2_PLACEMENT_3D('',#3237,#2664,#2665);
#2122=AXIS2_PLACEMENT_3D('',#3239,#2666,#2667);
#2123=AXIS2_PLACEMENT_3D('',#3243,#2669,#2670);
#2124=AXIS2_PLACEMENT_3D('',#3246,#2672,#2673);
#2125=AXIS2_PLACEMENT_3D('',#3247,#2674,#2675);
#2126=AXIS2_PLACEMENT_3D('',#3250,#2678,#2679);
#2127=AXIS2_PLACEMENT_3D('',#3252,#2681,#2682);
#2128=AXIS2_PLACEMENT_3D('',#3254,#2684,#2685);
#2129=AXIS2_PLACEMENT_3D('',#3255,#2686,#2687);
#2130=AXIS2_PLACEMENT_3D('',#3256,#2688,#2689);
#2131=AXIS2_PLACEMENT_3D('',#3258,#2690,#2691);
#2132=AXIS2_PLACEMENT_3D('',#3259,#2692,#2693);
#2133=AXIS2_PLACEMENT_3D('',#3261,#2694,#2695);
#2134=AXIS2_PLACEMENT_3D('',#3263,#2697,#2698);
#2135=AXIS2_PLACEMENT_3D('',#3264,#2699,#2700);
#2136=AXIS2_PLACEMENT_3D('',#3266,#2701,#2702);
#2137=AXIS2_PLACEMENT_3D('',#3267,#2703,#2704);
#2138=AXIS2_PLACEMENT_3D('',#3269,#2705,#2706);
#2139=AXIS2_PLACEMENT_3D('',#3271,#2708,#2709);
#2140=AXIS2_PLACEMENT_3D('',#3272,#2710,#2711);
#2141=AXIS2_PLACEMENT_3D('',#3274,#2712,#2713);
#2142=AXIS2_PLACEMENT_3D('',#3275,#2714,#2715);
#2143=AXIS2_PLACEMENT_3D('',#3277,#2716,#2717);
#2144=AXIS2_PLACEMENT_3D('',#3279,#2719,#2720);
#2145=AXIS2_PLACEMENT_3D('',#3280,#2721,#2722);
#2146=AXIS2_PLACEMENT_3D('',#3282,#2723,#2724);
#2147=AXIS2_PLACEMENT_3D('',#3283,#2725,#2726);
#2148=AXIS2_PLACEMENT_3D('',#3285,#2727,#2728);
#2149=AXIS2_PLACEMENT_3D('',#3287,#2730,#2731);
#2150=DIRECTION('axis',(0.,0.,1.));
#2151=DIRECTION('refdir',(1.,0.,0.));
#2152=DIRECTION('center_axis',(0.,-1.,0.));
#2153=DIRECTION('ref_axis',(-1.,0.,0.));
#2154=DIRECTION('center_axis',(0.,1.,0.));
#2155=DIRECTION('ref_axis',(1.,-1.83697019872103E-16,0.));
#2156=DIRECTION('center_axis',(1.83697019872103E-16,1.,0.));
#2157=DIRECTION('ref_axis',(1.,-1.83697019872103E-16,0.));
#2158=DIRECTION('center_axis',(-1.83697019872103E-16,-1.,0.));
#2159=DIRECTION('ref_axis',(1.,-1.83697019872103E-16,0.));
#2160=DIRECTION('',(1.83697019872103E-16,1.,0.));
#2161=DIRECTION('center_axis',(-1.83697019872103E-16,-1.,0.));
#2162=DIRECTION('ref_axis',(1.,-1.83697019872103E-16,0.));
#2163=DIRECTION('center_axis',(0.,1.,0.));
#2164=DIRECTION('ref_axis',(1.,0.,0.));
#2165=DIRECTION('center_axis',(0.,-1.,0.));
#2166=DIRECTION('ref_axis',(-1.,6.12323399573677E-17,0.));
#2167=DIRECTION('center_axis',(-6.12323399573677E-17,-1.,0.));
#2168=DIRECTION('ref_axis',(-1.,6.12323399573677E-17,0.));
#2169=DIRECTION('center_axis',(6.12323399573677E-17,1.,0.));
#2170=DIRECTION('ref_axis',(-1.,6.12323399573677E-17,0.));
#2171=DIRECTION('',(-6.12323399573677E-17,-1.,0.));
#2172=DIRECTION('center_axis',(6.12323399573677E-17,1.,0.));
#2173=DIRECTION('ref_axis',(-1.,6.12323399573677E-17,0.));
#2174=DIRECTION('center_axis',(-1.,0.,0.));
#2175=DIRECTION('ref_axis',(0.,1.,0.));
#2176=DIRECTION('center_axis',(1.,0.,0.));
#2177=DIRECTION('ref_axis',(-1.22464679914735E-16,-1.,0.));
#2178=DIRECTION('center_axis',(1.,-1.22464679914735E-16,0.));
#2179=DIRECTION('ref_axis',(-1.22464679914735E-16,-1.,0.));
#2180=DIRECTION('center_axis',(-1.,1.22464679914735E-16,0.));
#2181=DIRECTION('ref_axis',(-1.22464679914735E-16,-1.,0.));
#2182=DIRECTION('',(1.,-1.22464679914735E-16,0.));
#2183=DIRECTION('center_axis',(-1.,1.22464679914735E-16,0.));
#2184=DIRECTION('ref_axis',(-1.22464679914735E-16,-1.,0.));
#2185=DIRECTION('center_axis',(0.,1.,0.));
#2186=DIRECTION('ref_axis',(1.,0.,0.));
#2187=DIRECTION('center_axis',(0.,-1.,0.));
#2188=DIRECTION('ref_axis',(-1.,6.12323399573677E-17,0.));
#2189=DIRECTION('center_axis',(-6.12323399573677E-17,-1.,0.));
#2190=DIRECTION('ref_axis',(-1.,6.12323399573677E-17,0.));
#2191=DIRECTION('center_axis',(6.12323399573677E-17,1.,0.));
#2192=DIRECTION('ref_axis',(-1.,6.12323399573677E-17,0.));
#2193=DIRECTION('',(-6.12323399573677E-17,-1.,0.));
#2194=DIRECTION('center_axis',(6.12323399573677E-17,1.,0.));
#2195=DIRECTION('ref_axis',(-1.,6.12323399573677E-17,0.));
#2196=DIRECTION('center_axis',(1.,0.,0.));
#2197=DIRECTION('ref_axis',(0.,-0.642787609686539,-0.766044443118978));
#2198=DIRECTION('center_axis',(1.,1.38777878078145E-16,0.));
#2199=DIRECTION('ref_axis',(0.,-0.642787609686539,-0.766044443118978));
#2200=DIRECTION('',(1.,0.,0.));
#2201=DIRECTION('center_axis',(1.,7.92296899440897E-33,-9.44222676309943E-33));
#2202=DIRECTION('ref_axis',(-2.14037904100491E-33,-0.642787609686539,-0.766044443118978));
#2203=DIRECTION('',(1.,0.,0.));
#2204=DIRECTION('center_axis',(0.,-0.64278760968654,0.766044443118978));
#2205=DIRECTION('ref_axis',(0.,-0.766044443118978,-0.64278760968654));
#2206=DIRECTION('',(1.06310022329606E-16,-0.766044443118978,-0.64278760968654));
#2207=DIRECTION('',(1.,0.,0.));
#2208=DIRECTION('',(0.,-0.766044443118978,-0.64278760968654));
#2209=DIRECTION('center_axis',(0.,0.642787609686538,0.766044443118979));
#2210=DIRECTION('ref_axis',(-1.44663306850832E-32,-0.766044443118979,0.642787609686538));
#2211=DIRECTION('',(1.06310022329606E-16,-0.766044443118979,0.642787609686538));
#2212=DIRECTION('',(1.,0.,0.));
#2213=DIRECTION('',(-1.44663306850832E-32,-0.766044443118979,0.642787609686538));
#2214=DIRECTION('center_axis',(1.,0.,0.));
#2215=DIRECTION('ref_axis',(0.,0.642787609686538,0.766044443118979));
#2216=DIRECTION('center_axis',(1.,1.38777878078145E-16,0.));
#2217=DIRECTION('ref_axis',(0.,0.642787609686538,0.766044443118979));
#2218=DIRECTION('',(1.,0.,0.));
#2219=DIRECTION('center_axis',(1.,-9.44222676309942E-33,-7.92296899440898E-33));
#2220=DIRECTION('ref_axis',(1.21386927423419E-32,0.642787609686538,0.766044443118979));
#2221=DIRECTION('center_axis',(0.,0.642787609686541,-0.766044443118977));
#2222=DIRECTION('ref_axis',(0.,0.766044443118977,0.642787609686541));
#2223=DIRECTION('',(-1.06310022329605E-16,0.766044443118977,0.642787609686541));
#2224=DIRECTION('',(1.,0.,0.));
#2225=DIRECTION('',(0.,0.766044443118977,0.642787609686541));
#2226=DIRECTION('center_axis',(0.,-0.642787609686538,-0.766044443118979));
#2227=DIRECTION('ref_axis',(2.55080441163095E-33,0.766044443118979,-0.642787609686538));
#2228=DIRECTION('',(-1.06310022329606E-16,0.766044443118979,-0.642787609686538));
#2229=DIRECTION('',(2.55080441163095E-33,0.766044443118979,-0.642787609686538));
#2230=DIRECTION('center_axis',(-1.,9.44222676309943E-33,-1.12528076670129E-32));
#2231=DIRECTION('ref_axis',(-9.44222676309943E-33,-1.,0.));
#2232=DIRECTION('center_axis',(0.,0.64278760968654,-0.766044443118977));
#2233=DIRECTION('ref_axis',(0.,0.766044443118977,0.64278760968654));
#2234=DIRECTION('',(-1.06310022329606E-16,0.766044443118977,0.64278760968654));
#2235=DIRECTION('',(1.,0.,0.));
#2236=DIRECTION('',(0.,0.766044443118977,0.64278760968654));
#2237=DIRECTION('',(1.,0.,0.));
#2238=DIRECTION('center_axis',(0.,-0.642787609686539,-0.766044443118978));
#2239=DIRECTION('ref_axis',(2.55080441163095E-33,0.766044443118978,-0.642787609686539));
#2240=DIRECTION('',(-1.06310022329606E-16,0.766044443118978,-0.642787609686539));
#2241=DIRECTION('',(1.,0.,0.));
#2242=DIRECTION('',(2.55080441163095E-33,0.766044443118978,-0.642787609686539));
#2243=DIRECTION('center_axis',(1.,0.,0.));
#2244=DIRECTION('ref_axis',(0.,-0.642787609686538,-0.766044443118979));
#2245=DIRECTION('center_axis',(1.,1.38777878078145E-16,0.));
#2246=DIRECTION('ref_axis',(0.,-0.642787609686538,-0.766044443118979));
#2247=DIRECTION('',(1.,0.,0.));
#2248=DIRECTION('center_axis',(1.,7.92296899440898E-33,-9.44222676309942E-33));
#2249=DIRECTION('ref_axis',(-2.14037904100491E-33,-0.642787609686538,-0.766044443118979));
#2250=DIRECTION('center_axis',(0.,-0.642787609686539,0.766044443118978));
#2251=DIRECTION('ref_axis',(0.,-0.766044443118978,-0.642787609686539));
#2252=DIRECTION('',(1.06310022329606E-16,-0.766044443118978,-0.642787609686539));
#2253=DIRECTION('',(1.,0.,0.));
#2254=DIRECTION('',(0.,-0.766044443118978,-0.642787609686539));
#2255=DIRECTION('center_axis',(0.,0.642787609686539,0.766044443118978));
#2256=DIRECTION('ref_axis',(-1.44663306850832E-32,-0.766044443118978,0.642787609686539));
#2257=DIRECTION('',(1.06310022329606E-16,-0.766044443118978,0.642787609686539));
#2258=DIRECTION('',(1.,0.,0.));
#2259=DIRECTION('',(-1.44663306850832E-32,-0.766044443118978,0.642787609686539));
#2260=DIRECTION('center_axis',(1.,0.,0.));
#2261=DIRECTION('ref_axis',(0.,0.642787609686539,0.766044443118979));
#2262=DIRECTION('center_axis',(1.,1.38777878078145E-16,0.));
#2263=DIRECTION('ref_axis',(0.,0.642787609686539,0.766044443118979));
#2264=DIRECTION('center_axis',(1.,-9.44222676309942E-33,-7.92296899440897E-33));
#2265=DIRECTION('ref_axis',(1.21386927423419E-32,0.642787609686539,0.766044443118979));
#2266=DIRECTION('center_axis',(-1.,9.44222676309941E-33,7.92296899440897E-33));
#2267=DIRECTION('ref_axis',(-9.44222676309941E-33,-1.,0.));
#2268=DIRECTION('center_axis',(0.,0.64278760968654,-0.766044443118977));
#2269=DIRECTION('ref_axis',(0.,-0.766044443118977,-0.64278760968654));
#2270=DIRECTION('',(0.,-0.766044443118977,-0.64278760968654));
#2271=DIRECTION('',(-1.,0.,0.));
#2272=DIRECTION('',(0.,-0.766044443118977,-0.64278760968654));
#2273=DIRECTION('',(-1.,0.,0.));
#2274=DIRECTION('center_axis',(-1.,0.,0.));
#2275=DIRECTION('ref_axis',(0.,0.64278760968654,-0.766044443118977));
#2276=DIRECTION('center_axis',(-1.,0.,0.));
#2277=DIRECTION('ref_axis',(0.,0.64278760968654,-0.766044443118977));
#2278=DIRECTION('',(-1.,0.,0.));
#2279=DIRECTION('center_axis',(-1.,0.,0.));
#2280=DIRECTION('ref_axis',(0.,0.64278760968654,-0.766044443118977));
#2281=DIRECTION('center_axis',(0.,0.642787609686539,0.766044443118978));
#2282=DIRECTION('ref_axis',(0.,0.766044443118978,-0.642787609686539));
#2283=DIRECTION('',(0.,0.766044443118978,-0.642787609686539));
#2284=DIRECTION('',(-1.,0.,0.));
#2285=DIRECTION('',(0.,0.766044443118978,-0.642787609686539));
#2286=DIRECTION('center_axis',(0.,-0.642787609686539,0.766044443118978));
#2287=DIRECTION('ref_axis',(0.,0.766044443118978,0.642787609686539));
#2288=DIRECTION('',(0.,0.766044443118978,0.642787609686539));
#2289=DIRECTION('',(-1.,0.,0.));
#2290=DIRECTION('',(0.,0.766044443118978,0.642787609686539));
#2291=DIRECTION('center_axis',(-1.,0.,0.));
#2292=DIRECTION('ref_axis',(0.,-0.64278760968654,0.766044443118977));
#2293=DIRECTION('center_axis',(-1.,0.,0.));
#2294=DIRECTION('ref_axis',(0.,-0.64278760968654,0.766044443118977));
#2295=DIRECTION('',(-1.,0.,0.));
#2296=DIRECTION('center_axis',(-1.,0.,0.));
#2297=DIRECTION('ref_axis',(0.,-0.64278760968654,0.766044443118977));
#2298=DIRECTION('center_axis',(0.,-0.642787609686539,-0.766044443118978));
#2299=DIRECTION('ref_axis',(0.,-0.766044443118978,0.642787609686539));
#2300=DIRECTION('',(0.,-0.766044443118978,0.642787609686539));
#2301=DIRECTION('',(0.,-0.766044443118978,0.642787609686539));
#2302=DIRECTION('center_axis',(1.,0.,0.));
#2303=DIRECTION('ref_axis',(0.,1.,0.));
#2304=DIRECTION('center_axis',(-1.,0.,0.));
#2305=DIRECTION('ref_axis',(0.,-0.642787609686538,0.766044443118979));
#2306=DIRECTION('center_axis',(-1.,0.,0.));
#2307=DIRECTION('ref_axis',(0.,-0.642787609686538,0.766044443118979));
#2308=DIRECTION('',(-1.,0.,0.));
#2309=DIRECTION('center_axis',(-1.,0.,0.));
#2310=DIRECTION('ref_axis',(0.,-0.642787609686538,0.766044443118979));
#2311=DIRECTION('',(-1.,0.,0.));
#2312=DIRECTION('center_axis',(0.,-0.64278760968654,-0.766044443118977));
#2313=DIRECTION('ref_axis',(0.,-0.766044443118977,0.64278760968654));
#2314=DIRECTION('',(0.,-0.766044443118977,0.64278760968654));
#2315=DIRECTION('',(-1.,0.,0.));
#2316=DIRECTION('',(0.,-0.766044443118977,0.64278760968654));
#2317=DIRECTION('center_axis',(0.,0.64278760968654,-0.766044443118978));
#2318=DIRECTION('ref_axis',(0.,-0.766044443118978,-0.64278760968654));
#2319=DIRECTION('',(0.,-0.766044443118978,-0.64278760968654));
#2320=DIRECTION('',(-1.,0.,0.));
#2321=DIRECTION('',(0.,-0.766044443118978,-0.642787609686539));
#2322=DIRECTION('center_axis',(-1.,0.,0.));
#2323=DIRECTION('ref_axis',(0.,0.642787609686538,-0.766044443118979));
#2324=DIRECTION('center_axis',(-1.,0.,0.));
#2325=DIRECTION('ref_axis',(0.,0.642787609686538,-0.766044443118979));
#2326=DIRECTION('',(-1.,0.,0.));
#2327=DIRECTION('center_axis',(-1.,0.,0.));
#2328=DIRECTION('ref_axis',(0.,0.642787609686538,-0.766044443118979));
#2329=DIRECTION('center_axis',(0.,0.642787609686541,0.766044443118977));
#2330=DIRECTION('ref_axis',(0.,0.766044443118977,-0.642787609686541));
#2331=DIRECTION('',(0.,0.766044443118977,-0.64278760968654));
#2332=DIRECTION('',(-1.,0.,0.));
#2333=DIRECTION('',(0.,0.766044443118977,-0.64278760968654));
#2334=DIRECTION('center_axis',(0.,-0.642787609686538,0.766044443118979));
#2335=DIRECTION('ref_axis',(0.,0.766044443118979,0.642787609686538));
#2336=DIRECTION('',(0.,0.766044443118979,0.642787609686538));
#2337=DIRECTION('',(0.,0.766044443118979,0.642787609686538));
#2338=DIRECTION('center_axis',(1.,0.,0.));
#2339=DIRECTION('ref_axis',(0.,1.,0.));
#2340=DIRECTION('center_axis',(-0.642787609686541,0.,-0.766044443118977));
#2341=DIRECTION('ref_axis',(-0.766044443118977,0.,0.642787609686541));
#2342=DIRECTION('',(-0.766044443118977,0.,0.642787609686541));
#2343=DIRECTION('',(0.,1.,0.));
#2344=DIRECTION('',(-0.766044443118977,0.,0.642787609686541));
#2345=DIRECTION('',(0.,1.,0.));
#2346=DIRECTION('center_axis',(0.642787609686541,0.,-0.766044443118977));
#2347=DIRECTION('ref_axis',(-0.766044443118977,0.,-0.642787609686541));
#2348=DIRECTION('',(-0.766044443118977,0.,-0.642787609686541));
#2349=DIRECTION('',(0.,1.,0.));
#2350=DIRECTION('',(-0.766044443118977,0.,-0.642787609686541));
#2351=DIRECTION('center_axis',(0.,1.,0.));
#2352=DIRECTION('ref_axis',(0.642787609686534,0.,-0.766044443118982));
#2353=DIRECTION('center_axis',(0.,1.,0.));
#2354=DIRECTION('ref_axis',(0.642787609686534,0.,-0.766044443118982));
#2355=DIRECTION('',(0.,1.,0.));
#2356=DIRECTION('center_axis',(0.,1.,0.));
#2357=DIRECTION('ref_axis',(0.642787609686534,0.,-0.766044443118982));
#2358=DIRECTION('center_axis',(0.642787609686541,0.,0.766044443118977));
#2359=DIRECTION('ref_axis',(0.766044443118977,0.,-0.642787609686541));
#2360=DIRECTION('',(0.766044443118977,0.,-0.642787609686541));
#2361=DIRECTION('',(0.,1.,0.));
#2362=DIRECTION('',(0.766044443118977,0.,-0.642787609686541));
#2363=DIRECTION('center_axis',(-0.642787609686541,0.,0.766044443118977));
#2364=DIRECTION('ref_axis',(0.766044443118977,0.,0.642787609686541));
#2365=DIRECTION('',(0.766044443118977,0.,0.642787609686541));
#2366=DIRECTION('',(0.,1.,0.));
#2367=DIRECTION('',(0.766044443118977,0.,0.642787609686541));
#2368=DIRECTION('center_axis',(0.,1.,0.));
#2369=DIRECTION('ref_axis',(-0.642787609686539,0.,0.766044443118978));
#2370=DIRECTION('center_axis',(0.,1.,0.));
#2371=DIRECTION('ref_axis',(-0.642787609686539,0.,0.766044443118978));
#2372=DIRECTION('center_axis',(0.,1.,0.));
#2373=DIRECTION('ref_axis',(-0.642787609686539,0.,0.766044443118978));
#2374=DIRECTION('center_axis',(0.,-1.,0.));
#2375=DIRECTION('ref_axis',(1.,0.,0.));
#2376=DIRECTION('center_axis',(0.64278760968654,0.,-0.766044443118977));
#2377=DIRECTION('ref_axis',(-0.766044443118977,0.,-0.64278760968654));
#2378=DIRECTION('',(-0.766044443118977,0.,-0.64278760968654));
#2379=DIRECTION('',(0.,1.,0.));
#2380=DIRECTION('',(-0.766044443118977,0.,-0.64278760968654));
#2381=DIRECTION('',(0.,1.,0.));
#2382=DIRECTION('center_axis',(0.,1.,0.));
#2383=DIRECTION('ref_axis',(0.642787609686534,0.,-0.766044443118983));
#2384=DIRECTION('center_axis',(0.,1.,0.));
#2385=DIRECTION('ref_axis',(0.642787609686534,0.,-0.766044443118983));
#2386=DIRECTION('',(0.,1.,0.));
#2387=DIRECTION('center_axis',(0.,1.,0.));
#2388=DIRECTION('ref_axis',(0.642787609686534,0.,-0.766044443118983));
#2389=DIRECTION('center_axis',(0.64278760968654,0.,0.766044443118978));
#2390=DIRECTION('ref_axis',(0.766044443118978,0.,-0.64278760968654));
#2391=DIRECTION('',(0.766044443118978,0.,-0.64278760968654));
#2392=DIRECTION('',(0.,1.,0.));
#2393=DIRECTION('',(0.766044443118977,0.,-0.64278760968654));
#2394=DIRECTION('center_axis',(-0.642787609686541,0.,0.766044443118977));
#2395=DIRECTION('ref_axis',(0.766044443118977,0.,0.642787609686541));
#2396=DIRECTION('',(0.766044443118977,0.,0.642787609686541));
#2397=DIRECTION('',(0.,1.,0.));
#2398=DIRECTION('',(0.766044443118977,0.,0.642787609686541));
#2399=DIRECTION('center_axis',(0.,1.,0.));
#2400=DIRECTION('ref_axis',(-0.642787609686539,0.,0.766044443118978));
#2401=DIRECTION('center_axis',(0.,1.,0.));
#2402=DIRECTION('ref_axis',(-0.642787609686539,0.,0.766044443118978));
#2403=DIRECTION('',(0.,1.,0.));
#2404=DIRECTION('center_axis',(0.,1.,0.));
#2405=DIRECTION('ref_axis',(-0.642787609686539,0.,0.766044443118978));
#2406=DIRECTION('center_axis',(-0.642787609686541,0.,-0.766044443118977));
#2407=DIRECTION('ref_axis',(-0.766044443118977,0.,0.642787609686541));
#2408=DIRECTION('',(-0.766044443118977,0.,0.642787609686541));
#2409=DIRECTION('',(-0.766044443118977,0.,0.642787609686541));
#2410=DIRECTION('center_axis',(0.,-1.,0.));
#2411=DIRECTION('ref_axis',(1.,0.,0.));
#2412=DIRECTION('center_axis',(0.64278760968654,0.,-0.766044443118977));
#2413=DIRECTION('ref_axis',(0.766044443118977,0.,0.64278760968654));
#2414=DIRECTION('',(0.766044443118977,0.,0.64278760968654));
#2415=DIRECTION('',(0.,-1.,0.));
#2416=DIRECTION('',(0.766044443118977,0.,0.64278760968654));
#2417=DIRECTION('',(0.,-1.,0.));
#2418=DIRECTION('center_axis',(-0.642787609686541,0.,-0.766044443118977));
#2419=DIRECTION('ref_axis',(0.766044443118977,0.,-0.642787609686541));
#2420=DIRECTION('',(0.766044443118977,0.,-0.642787609686541));
#2421=DIRECTION('',(0.,-1.,0.));
#2422=DIRECTION('',(0.766044443118977,0.,-0.642787609686541));
#2423=DIRECTION('center_axis',(0.,-1.,0.));
#2424=DIRECTION('ref_axis',(-0.642787609686544,0.,-0.766044443118974));
#2425=DIRECTION('center_axis',(0.,-1.,0.));
#2426=DIRECTION('ref_axis',(-0.642787609686544,0.,-0.766044443118974));
#2427=DIRECTION('',(0.,-1.,0.));
#2428=DIRECTION('center_axis',(0.,-1.,0.));
#2429=DIRECTION('ref_axis',(-0.642787609686544,0.,-0.766044443118974));
#2430=DIRECTION('center_axis',(-0.642787609686541,0.,0.766044443118977));
#2431=DIRECTION('ref_axis',(-0.766044443118977,0.,-0.642787609686541));
#2432=DIRECTION('',(-0.766044443118977,0.,-0.642787609686541));
#2433=DIRECTION('',(0.,-1.,0.));
#2434=DIRECTION('',(-0.766044443118977,0.,-0.642787609686541));
#2435=DIRECTION('center_axis',(0.64278760968654,0.,0.766044443118977));
#2436=DIRECTION('ref_axis',(-0.766044443118977,0.,0.64278760968654));
#2437=DIRECTION('',(-0.766044443118977,0.,0.64278760968654));
#2438=DIRECTION('',(0.,-1.,0.));
#2439=DIRECTION('',(-0.766044443118977,0.,0.64278760968654));
#2440=DIRECTION('center_axis',(0.,-1.,0.));
#2441=DIRECTION('ref_axis',(0.642787609686538,0.,0.766044443118979));
#2442=DIRECTION('center_axis',(0.,-1.,0.));
#2443=DIRECTION('ref_axis',(0.642787609686538,0.,0.766044443118979));
#2444=DIRECTION('center_axis',(0.,-1.,0.));
#2445=DIRECTION('ref_axis',(0.642787609686538,0.,0.766044443118979));
#2446=DIRECTION('center_axis',(0.,1.,0.));
#2447=DIRECTION('ref_axis',(-1.,0.,0.));
#2448=DIRECTION('center_axis',(-0.642787609686541,0.,0.766044443118977));
#2449=DIRECTION('ref_axis',(-0.766044443118977,0.,-0.642787609686541));
#2450=DIRECTION('',(-0.766044443118977,0.,-0.642787609686541));
#2451=DIRECTION('',(0.,-1.,0.));
#2452=DIRECTION('',(-0.766044443118977,0.,-0.642787609686541));
#2453=DIRECTION('',(0.,-1.,0.));
#2454=DIRECTION('center_axis',(0.64278760968654,0.,0.766044443118977));
#2455=DIRECTION('ref_axis',(-0.766044443118977,-1.29084124700277E-15,0.64278760968654));
#2456=DIRECTION('',(-0.766044443118977,0.,0.64278760968654));
#2457=DIRECTION('',(0.,-1.,0.));
#2458=DIRECTION('',(-0.766044443118977,-1.29084124700277E-15,0.64278760968654));
#2459=DIRECTION('center_axis',(0.,-1.,0.));
#2460=DIRECTION('ref_axis',(0.642787609686538,0.,0.766044443118979));
#2461=DIRECTION('center_axis',(0.,-1.,0.));
#2462=DIRECTION('ref_axis',(0.642787609686538,0.,0.766044443118979));
#2463=DIRECTION('',(0.,-1.,0.));
#2464=DIRECTION('center_axis',(0.,-1.,0.));
#2465=DIRECTION('ref_axis',(0.642787609686538,0.,0.766044443118979));
#2466=DIRECTION('center_axis',(0.64278760968654,0.,-0.766044443118977));
#2467=DIRECTION('ref_axis',(0.766044443118977,1.29084124700278E-15,0.64278760968654));
#2468=DIRECTION('',(0.766044443118977,0.,0.64278760968654));
#2469=DIRECTION('',(0.,-1.,0.));
#2470=DIRECTION('',(0.766044443118977,1.29084124700278E-15,0.64278760968654));
#2471=DIRECTION('center_axis',(-0.642787609686541,0.,-0.766044443118977));
#2472=DIRECTION('ref_axis',(0.766044443118977,-1.29084124700277E-15,-0.642787609686541));
#2473=DIRECTION('',(0.766044443118977,0.,-0.642787609686541));
#2474=DIRECTION('',(0.,-1.,0.));
#2475=DIRECTION('',(0.766044443118977,-1.29084124700277E-15,-0.642787609686541));
#2476=DIRECTION('center_axis',(0.,-1.,0.));
#2477=DIRECTION('ref_axis',(-0.642787609686544,0.,-0.766044443118974));
#2478=DIRECTION('center_axis',(0.,-1.,0.));
#2479=DIRECTION('ref_axis',(-0.642787609686544,0.,-0.766044443118974));
#2480=DIRECTION('center_axis',(0.,-1.,0.));
#2481=DIRECTION('ref_axis',(-0.642787609686544,0.,-0.766044443118974));
#2482=DIRECTION('center_axis',(0.,1.,0.));
#2483=DIRECTION('ref_axis',(-1.,0.,0.));
#2484=DIRECTION('center_axis',(0.,0.,-1.));
#2485=DIRECTION('ref_axis',(0.707106781186547,0.707106781186547,0.));
#2486=DIRECTION('center_axis',(0.,0.,-1.));
#2487=DIRECTION('ref_axis',(0.707106781186547,0.707106781186547,0.));
#2488=DIRECTION('',(0.,0.,-1.));
#2489=DIRECTION('center_axis',(0.,0.,-1.));
#2490=DIRECTION('ref_axis',(0.707106781186547,0.707106781186547,0.));
#2491=DIRECTION('',(0.,0.,1.));
#2492=DIRECTION('center_axis',(0.,0.,1.));
#2493=DIRECTION('ref_axis',(1.,0.,0.));
#2494=DIRECTION('',(1.,0.,0.));
#2495=DIRECTION('center_axis',(0.,0.,1.));
#2496=DIRECTION('ref_axis',(0.707106781186547,0.707106781186547,0.));
#2497=DIRECTION('',(-3.5527136788005E-15,1.,0.));
#2498=DIRECTION('center_axis',(0.,0.,1.));
#2499=DIRECTION('ref_axis',(-1.,0.,0.));
#2500=DIRECTION('',(1.,0.,0.));
#2501=DIRECTION('center_axis',(0.,0.,1.));
#2502=DIRECTION('ref_axis',(0.,-1.,0.));
#2503=DIRECTION('',(-1.38777878078145E-16,1.,0.));
#2504=DIRECTION('center_axis',(0.,0.,1.));
#2505=DIRECTION('ref_axis',(1.,-1.33226762955019E-15,0.));
#2506=DIRECTION('',(-1.,0.,0.));
#2507=DIRECTION('center_axis',(0.,0.,1.));
#2508=DIRECTION('ref_axis',(0.,1.,0.));
#2509=DIRECTION('',(0.,-1.,0.));
#2510=DIRECTION('center_axis',(0.,0.,1.));
#2511=DIRECTION('ref_axis',(-1.,0.,0.));
#2512=DIRECTION('',(-1.,0.,0.));
#2513=DIRECTION('center_axis',(0.,0.,-1.));
#2514=DIRECTION('ref_axis',(-1.,0.,0.));
#2515=DIRECTION('',(0.,1.,0.));
#2516=DIRECTION('center_axis',(0.,0.,-1.));
#2517=DIRECTION('ref_axis',(0.,1.,0.));
#2518=DIRECTION('',(1.,0.,0.));
#2519=DIRECTION('center_axis',(0.,0.,-1.));
#2520=DIRECTION('ref_axis',(1.,-1.33226762955019E-15,0.));
#2521=DIRECTION('',(1.38777878078145E-16,-1.,0.));
#2522=DIRECTION('center_axis',(0.,0.,-1.));
#2523=DIRECTION('ref_axis',(0.,-1.,0.));
#2524=DIRECTION('',(-1.,0.,0.));
#2525=DIRECTION('center_axis',(0.,0.,-1.));
#2526=DIRECTION('ref_axis',(-1.,0.,0.));
#2527=DIRECTION('',(0.,1.,0.));
#2528=DIRECTION('center_axis',(0.,-1.,0.));
#2529=DIRECTION('ref_axis',(1.,0.,0.));
#2530=DIRECTION('',(-1.,0.,0.));
#2531=DIRECTION('',(0.,0.,1.));
#2532=DIRECTION('center_axis',(0.,-0.707106781186547,-0.707106781186548));
#2533=DIRECTION('ref_axis',(-1.,0.,0.));
#2534=DIRECTION('',(0.,0.707106781186548,-0.707106781186547));
#2535=DIRECTION('',(1.,0.,0.));
#2536=DIRECTION('',(0.,-0.707106781186548,0.707106781186547));
#2537=DIRECTION('',(-1.,0.,0.));
#2538=DIRECTION('center_axis',(0.,0.,1.));
#2539=DIRECTION('ref_axis',(-1.,0.,0.));
#2540=DIRECTION('',(0.707106781186543,0.,-0.707106781186552));
#2541=DIRECTION('center_axis',(0.,0.,1.));
#2542=DIRECTION('ref_axis',(-1.,0.,0.));
#2543=DIRECTION('center_axis',(0.,0.,-1.));
#2544=DIRECTION('ref_axis',(-1.,0.,0.));
#2545=DIRECTION('center_axis',(-0.707106781186549,0.,-0.707106781186546));
#2546=DIRECTION('ref_axis',(-0.707106781186546,0.,0.707106781186549));
#2547=DIRECTION('',(0.707106781186546,0.,-0.707106781186549));
#2548=DIRECTION('',(0.,-1.,0.));
#2549=DIRECTION('',(0.,1.,0.));
#2550=DIRECTION('center_axis',(0.,0.,1.));
#2551=DIRECTION('ref_axis',(0.,1.,0.));
#2552=DIRECTION('',(0.,-0.707106781186552,-0.707106781186542));
#2553=DIRECTION('center_axis',(0.,0.,1.));
#2554=DIRECTION('ref_axis',(0.,1.,0.));
#2555=DIRECTION('center_axis',(0.,0.,-1.));
#2556=DIRECTION('ref_axis',(0.,1.,0.));
#2557=DIRECTION('center_axis',(0.,0.707106781186543,-0.707106781186553));
#2558=DIRECTION('ref_axis',(-1.,0.,0.));
#2559=DIRECTION('',(0.,-0.707106781186549,-0.707106781186546));
#2560=DIRECTION('',(-1.,0.,0.));
#2561=DIRECTION('',(1.,0.,0.));
#2562=DIRECTION('center_axis',(0.,0.,1.));
#2563=DIRECTION('ref_axis',(1.,-1.33226762955019E-15,0.));
#2564=DIRECTION('',(-0.707106781186552,0.,-0.707106781186542));
#2565=DIRECTION('center_axis',(0.,0.,1.));
#2566=DIRECTION('ref_axis',(1.,-1.33226762955019E-15,0.));
#2567=DIRECTION('center_axis',(0.,0.,-1.));
#2568=DIRECTION('ref_axis',(1.,-1.33226762955019E-15,0.));
#2569=DIRECTION('center_axis',(0.707106781186543,9.81307786677352E-17,-0.707106781186553));
#2570=DIRECTION('ref_axis',(-0.707106781186553,0.,-0.707106781186543));
#2571=DIRECTION('',(-0.707106781186552,0.,-0.707106781186542));
#2572=DIRECTION('',(-1.38777878078145E-16,1.,0.));
#2573=DIRECTION('',(1.38777878078145E-16,-1.,0.));
#2574=DIRECTION('center_axis',(0.,0.,1.));
#2575=DIRECTION('ref_axis',(0.,-1.,0.));
#2576=DIRECTION('',(0.,0.707106781186554,-0.707106781186541));
#2577=DIRECTION('center_axis',(0.,0.,1.));
#2578=DIRECTION('ref_axis',(0.,-1.,0.));
#2579=DIRECTION('center_axis',(0.,0.,-1.));
#2580=DIRECTION('ref_axis',(0.,-1.,0.));
#2581=DIRECTION('center_axis',(0.,-0.707106781186547,-0.707106781186548));
#2582=DIRECTION('ref_axis',(-1.,0.,0.));
#2583=DIRECTION('',(0.,0.707106781186548,-0.707106781186547));
#2584=DIRECTION('',(1.,0.,0.));
#2585=DIRECTION('',(-1.,0.,0.));
#2586=DIRECTION('center_axis',(0.,0.,1.));
#2587=DIRECTION('ref_axis',(-1.,0.,0.));
#2588=DIRECTION('',(0.707106781186546,0.,-0.707106781186549));
#2589=DIRECTION('center_axis',(0.,0.,1.));
#2590=DIRECTION('ref_axis',(-1.,0.,0.));
#2591=DIRECTION('center_axis',(0.,0.,-1.));
#2592=DIRECTION('ref_axis',(-1.,0.,0.));
#2593=DIRECTION('center_axis',(-0.707106781186549,0.,-0.707106781186546));
#2594=DIRECTION('ref_axis',(-0.707106781186546,0.,0.707106781186549));
#2595=DIRECTION('',(0.707106781186546,0.,-0.707106781186549));
#2596=DIRECTION('',(0.,-1.,0.));
#2597=DIRECTION('',(0.,1.,0.));
#2598=DIRECTION('center_axis',(0.,0.,-1.));
#2599=DIRECTION('ref_axis',(0.707106781186547,0.707106781186547,0.));
#2600=DIRECTION('center_axis',(0.,0.,1.));
#2601=DIRECTION('ref_axis',(0.707106781186547,0.707106781186547,0.));
#2602=DIRECTION('center_axis',(0.,0.,-1.));
#2603=DIRECTION('ref_axis',(0.707106781186548,0.707106781186548,0.));
#2604=DIRECTION('center_axis',(0.,0.,1.));
#2605=DIRECTION('ref_axis',(1.,-1.33226762955019E-15,0.));
#2606=DIRECTION('',(0.,0.,1.));
#2607=DIRECTION('',(0.,0.,1.));
#2608=DIRECTION('center_axis',(0.,1.,0.));
#2609=DIRECTION('ref_axis',(-1.,0.,0.));
#2610=DIRECTION('',(0.,0.,1.));
#2611=DIRECTION('center_axis',(0.,0.,1.));
#2612=DIRECTION('ref_axis',(0.,1.,0.));
#2613=DIRECTION('',(0.,0.,1.));
#2614=DIRECTION('center_axis',(-1.,0.,0.));
#2615=DIRECTION('ref_axis',(0.,-1.,0.));
#2616=DIRECTION('',(0.,0.,1.));
#2617=DIRECTION('center_axis',(0.,0.,1.));
#2618=DIRECTION('ref_axis',(-1.,0.,0.));
#2619=DIRECTION('',(0.,0.,1.));
#2620=DIRECTION('center_axis',(0.,-1.,0.));
#2621=DIRECTION('ref_axis',(1.,0.,0.));
#2622=DIRECTION('',(0.,0.,-1.));
#2623=DIRECTION('center_axis',(0.,0.,1.));
#2624=DIRECTION('ref_axis',(-1.,0.,0.));
#2625=DIRECTION('center_axis',(0.,0.,1.));
#2626=DIRECTION('ref_axis',(0.707106781186547,0.707106781186547,0.));
#2627=DIRECTION('',(0.,0.,1.));
#2628=DIRECTION('center_axis',(-1.,0.,0.));
#2629=DIRECTION('ref_axis',(0.,-1.,0.));
#2630=DIRECTION('',(0.,0.,1.));
#2631=DIRECTION('center_axis',(1.,1.38777878078145E-16,0.));
#2632=DIRECTION('ref_axis',(-1.38777878078145E-16,1.,0.));
#2633=DIRECTION('',(0.,0.,1.));
#2634=DIRECTION('center_axis',(0.,0.,1.));
#2635=DIRECTION('ref_axis',(-1.,0.,0.));
#2636=DIRECTION('',(0.,0.,1.));
#2637=DIRECTION('center_axis',(0.,-1.,0.));
#2638=DIRECTION('ref_axis',(1.,0.,0.));
#2639=DIRECTION('',(0.,0.,1.));
#2640=DIRECTION('center_axis',(0.,0.,1.));
#2641=DIRECTION('ref_axis',(0.,-1.,0.));
#2642=DIRECTION('center_axis',(-1.,0.,0.));
#2643=DIRECTION('ref_axis',(0.,-1.,0.));
#2644=DIRECTION('',(0.,0.,1.));
#2645=DIRECTION('',(0.,1.,0.));
#2646=DIRECTION('center_axis',(1.,1.38777878078145E-16,0.));
#2647=DIRECTION('ref_axis',(-1.38777878078145E-16,1.,0.));
#2648=DIRECTION('',(1.38777878078145E-16,-1.,0.));
#2649=DIRECTION('',(0.,0.,1.));
#2650=DIRECTION('',(0.,0.,1.));
#2651=DIRECTION('center_axis',(0.,0.,1.));
#2652=DIRECTION('ref_axis',(0.,-1.,0.));
#2653=DIRECTION('center_axis',(0.,0.,-1.));
#2654=DIRECTION('ref_axis',(0.,-1.,0.));
#2655=DIRECTION('',(0.,0.,1.));
#2656=DIRECTION('center_axis',(0.,-1.,0.));
#2657=DIRECTION('ref_axis',(1.,0.,0.));
#2658=DIRECTION('',(-1.,0.,0.));
#2659=DIRECTION('',(0.,0.,1.));
#2660=DIRECTION('center_axis',(0.,0.,1.));
#2661=DIRECTION('ref_axis',(-1.,0.,0.));
#2662=DIRECTION('center_axis',(0.,0.,-1.));
#2663=DIRECTION('ref_axis',(-1.,0.,0.));
#2664=DIRECTION('center_axis',(0.,0.,1.));
#2665=DIRECTION('ref_axis',(1.,0.,0.));
#2666=DIRECTION('center_axis',(0.,0.,-1.));
#2667=DIRECTION('ref_axis',(1.,-1.33226762955019E-15,0.));
#2668=DIRECTION('',(1.,0.,0.));
#2669=DIRECTION('center_axis',(0.,0.,-1.));
#2670=DIRECTION('ref_axis',(0.,1.,0.));
#2671=DIRECTION('',(0.,1.,0.));
#2672=DIRECTION('center_axis',(0.,0.,-1.));
#2673=DIRECTION('ref_axis',(-1.,0.,0.));
#2674=DIRECTION('center_axis',(-1.,0.,0.));
#2675=DIRECTION('ref_axis',(0.,-1.,0.));
#2676=DIRECTION('',(0.,0.,1.));
#2677=DIRECTION('',(0.,0.,1.));
#2678=DIRECTION('center_axis',(0.,0.,1.));
#2679=DIRECTION('ref_axis',(0.,1.,0.));
#2680=DIRECTION('',(0.,0.,1.));
#2681=DIRECTION('center_axis',(0.,1.,0.));
#2682=DIRECTION('ref_axis',(-1.,0.,0.));
#2683=DIRECTION('',(0.,0.,1.));
#2684=DIRECTION('center_axis',(0.,0.,1.));
#2685=DIRECTION('ref_axis',(-1.,0.,0.));
#2686=DIRECTION('center_axis',(0.,0.,1.));
#2687=DIRECTION('ref_axis',(1.,-1.33226762955019E-15,0.));
#2688=DIRECTION('center_axis',(0.,-1.,0.));
#2689=DIRECTION('ref_axis',(-1.,0.,0.));
#2690=DIRECTION('center_axis',(0.,1.,0.));
#2691=DIRECTION('ref_axis',(1.,-1.83697019872103E-16,0.));
#2692=DIRECTION('center_axis',(1.83697019872103E-16,1.,0.));
#2693=DIRECTION('ref_axis',(1.,-1.83697019872103E-16,0.));
#2694=DIRECTION('center_axis',(-1.83697019872103E-16,-1.,0.));
#2695=DIRECTION('ref_axis',(1.,-1.83697019872103E-16,0.));
#2696=DIRECTION('',(1.83697019872103E-16,1.,0.));
#2697=DIRECTION('center_axis',(-1.83697019872103E-16,-1.,0.));
#2698=DIRECTION('ref_axis',(1.,-1.83697019872103E-16,0.));
#2699=DIRECTION('center_axis',(1.,0.,0.));
#2700=DIRECTION('ref_axis',(0.,-1.,0.));
#2701=DIRECTION('center_axis',(-1.,0.,0.));
#2702=DIRECTION('ref_axis',(0.,1.,0.));
#2703=DIRECTION('center_axis',(-1.,0.,0.));
#2704=DIRECTION('ref_axis',(0.,1.,0.));
#2705=DIRECTION('center_axis',(1.,0.,0.));
#2706=DIRECTION('ref_axis',(0.,1.,0.));
#2707=DIRECTION('',(-1.,0.,0.));
#2708=DIRECTION('center_axis',(1.,0.,0.));
#2709=DIRECTION('ref_axis',(0.,1.,0.));
#2710=DIRECTION('center_axis',(-1.,0.,0.));
#2711=DIRECTION('ref_axis',(0.,1.,0.));
#2712=DIRECTION('center_axis',(1.,0.,0.));
#2713=DIRECTION('ref_axis',(-1.22464679914735E-16,-1.,0.));
#2714=DIRECTION('center_axis',(1.,-1.22464679914735E-16,0.));
#2715=DIRECTION('ref_axis',(-1.22464679914735E-16,-1.,0.));
#2716=DIRECTION('center_axis',(-1.,1.22464679914735E-16,0.));
#2717=DIRECTION('ref_axis',(-1.22464679914735E-16,-1.,0.));
#2718=DIRECTION('',(1.,-1.22464679914735E-16,0.));
#2719=DIRECTION('center_axis',(-1.,1.22464679914735E-16,0.));
#2720=DIRECTION('ref_axis',(-1.22464679914735E-16,-1.,0.));
#2721=DIRECTION('center_axis',(1.,0.,0.));
#2722=DIRECTION('ref_axis',(0.,-1.,0.));
#2723=DIRECTION('center_axis',(-1.,0.,0.));
#2724=DIRECTION('ref_axis',(0.,1.,0.));
#2725=DIRECTION('center_axis',(-1.,0.,0.));
#2726=DIRECTION('ref_axis',(0.,1.,0.));
#2727=DIRECTION('center_axis',(1.,0.,0.));
#2728=DIRECTION('ref_axis',(0.,1.,0.));
#2729=DIRECTION('',(-1.,0.,0.));
#2730=DIRECTION('center_axis',(1.,0.,0.));
#2731=DIRECTION('ref_axis',(0.,1.,0.));
#2732=CARTESIAN_POINT('',(0.,0.,0.));
#2733=CARTESIAN_POINT('Origin',(88.1,21.3,21.));
#2734=CARTESIAN_POINT('',(79.9,21.3,11.));
#2735=CARTESIAN_POINT('Origin',(84.,21.3,11.));
#2736=CARTESIAN_POINT('Origin',(84.,21.2,11.));
#2737=CARTESIAN_POINT('',(79.9,21.2,11.));
#2738=CARTESIAN_POINT('Origin',(84.,21.2,11.));
#2739=CARTESIAN_POINT('',(79.9,21.2,11.));
#2740=CARTESIAN_POINT('Origin',(84.,21.2,11.));
#2741=CARTESIAN_POINT('Origin',(121.9,62.7,21.));
#2742=CARTESIAN_POINT('',(130.1,62.7,11.));
#2743=CARTESIAN_POINT('Origin',(126.,62.7,11.));
#2744=CARTESIAN_POINT('Origin',(126.,62.8,11.));
#2745=CARTESIAN_POINT('',(130.1,62.8,11.));
#2746=CARTESIAN_POINT('Origin',(126.,62.8,11.));
#2747=CARTESIAN_POINT('',(130.1,62.8,11.));
#2748=CARTESIAN_POINT('Origin',(126.,62.8,11.));
#2749=CARTESIAN_POINT('Origin',(63.3,37.9,21.));
#2750=CARTESIAN_POINT('',(63.3,46.1,11.));
#2751=CARTESIAN_POINT('Origin',(63.3,42.,11.));
#2752=CARTESIAN_POINT('Origin',(63.2,42.,11.));
#2753=CARTESIAN_POINT('',(63.2,46.1,11.));
#2754=CARTESIAN_POINT('Origin',(63.2,42.,11.));
#2755=CARTESIAN_POINT('',(63.2,46.1,11.));
#2756=CARTESIAN_POINT('Origin',(63.2,42.,11.));
#2757=CARTESIAN_POINT('Origin',(79.9,62.7,21.));
#2758=CARTESIAN_POINT('',(88.1,62.7,11.));
#2759=CARTESIAN_POINT('Origin',(84.,62.7,11.));
#2760=CARTESIAN_POINT('Origin',(84.,62.8,11.));
#2761=CARTESIAN_POINT('',(88.1,62.8,11.));
#2762=CARTESIAN_POINT('Origin',(84.,62.8,11.));
#2763=CARTESIAN_POINT('',(88.1,62.8,11.));
#2764=CARTESIAN_POINT('Origin',(84.,62.8,11.));
#2765=CARTESIAN_POINT('Origin',(144.5,42.,11.75));
#2766=CARTESIAN_POINT('',(144.5,39.3645708002852,14.8907822167878));
#2767=CARTESIAN_POINT('',(144.5,39.3645708002852,8.60921778321219));
#2768=CARTESIAN_POINT('Origin',(144.5,42.,11.75));
#2769=CARTESIAN_POINT('',(146.5,39.3645708002852,14.8907822167878));
#2770=CARTESIAN_POINT('',(144.5,39.3645708002852,14.8907822167878));
#2771=CARTESIAN_POINT('',(146.5,39.3645708002852,8.60921778321219));
#2772=CARTESIAN_POINT('Origin',(146.5,42.,11.75));
#2773=CARTESIAN_POINT('',(144.5,39.3645708002852,8.60921778321219));
#2774=CARTESIAN_POINT('Origin',(144.5,42.,17.1021698862623));
#2775=CARTESIAN_POINT('',(144.5,42.,17.1021698862623));
#2776=CARTESIAN_POINT('',(144.5,20.7715140494987,-0.710644845255335));
#2777=CARTESIAN_POINT('',(146.5,42.,17.1021698862623));
#2778=CARTESIAN_POINT('',(144.5,42.,17.1021698862623));
#2779=CARTESIAN_POINT('',(146.5,42.,17.1021698862623));
#2780=CARTESIAN_POINT('Origin',(144.5,44.6354291997148,14.8907822167878));
#2781=CARTESIAN_POINT('',(144.5,44.6354291997148,14.8907822167878));
#2782=CARTESIAN_POINT('',(144.5,30.5104033980176,26.7430861573614));
#2783=CARTESIAN_POINT('',(146.5,44.6354291997148,14.8907822167878));
#2784=CARTESIAN_POINT('',(144.5,44.6354291997148,14.8907822167878));
#2785=CARTESIAN_POINT('',(146.5,44.6354291997148,14.8907822167878));
#2786=CARTESIAN_POINT('Origin',(144.5,42.,11.75));
#2787=CARTESIAN_POINT('',(144.5,44.6354291997148,8.60921778321219));
#2788=CARTESIAN_POINT('Origin',(144.5,42.,11.75));
#2789=CARTESIAN_POINT('',(146.5,44.6354291997148,8.60921778321219));
#2790=CARTESIAN_POINT('',(144.5,44.6354291997148,8.60921778321219));
#2791=CARTESIAN_POINT('Origin',(146.5,42.,11.75));
#2792=CARTESIAN_POINT('Origin',(144.5,42.,6.39783011373766));
#2793=CARTESIAN_POINT('',(144.5,42.,6.39783011373766));
#2794=CARTESIAN_POINT('',(144.5,23.4069432492136,-9.2035969483055));
#2795=CARTESIAN_POINT('',(146.5,42.,6.39783011373766));
#2796=CARTESIAN_POINT('',(144.5,42.,6.39783011373766));
#2797=CARTESIAN_POINT('',(146.5,42.,6.39783011373766));
#2798=CARTESIAN_POINT('Origin',(144.5,39.3645708002852,8.60921778321219));
#2799=CARTESIAN_POINT('',(144.5,25.239544998588,20.4615217237858));
#2800=CARTESIAN_POINT('',(146.5,39.3645708002852,8.60921778321219));
#2801=CARTESIAN_POINT('Origin',(146.5,42.,11.75));
#2802=CARTESIAN_POINT('Origin',(144.5,-1.9220736113823E-14,6.39783011373766));
#2803=CARTESIAN_POINT('',(144.5,-1.94289029309402E-14,6.39783011373766));
#2804=CARTESIAN_POINT('',(144.5,2.63542919971479,8.60921778321219));
#2805=CARTESIAN_POINT('',(144.5,-6.26975088528369,1.1368844583227));
#2806=CARTESIAN_POINT('',(146.5,-1.94289029309402E-14,6.39783011373766));
#2807=CARTESIAN_POINT('',(144.5,-1.94289029309402E-14,6.39783011373766));
#2808=CARTESIAN_POINT('',(146.5,2.63542919971479,8.60921778321219));
#2809=CARTESIAN_POINT('',(146.5,-1.9220736113823E-14,6.39783011373766));
#2810=CARTESIAN_POINT('',(144.5,2.63542919971479,8.60921778321219));
#2811=CARTESIAN_POINT('Origin',(144.5,-2.63542919971483,8.60921778321219));
#2812=CARTESIAN_POINT('',(144.5,-2.63542919971483,8.60921778321219));
#2813=CARTESIAN_POINT('',(144.5,-4.43714913590919,10.1210403171576));
#2814=CARTESIAN_POINT('',(146.5,-2.63542919971483,8.60921778321219));
#2815=CARTESIAN_POINT('',(144.5,-2.63542919971483,8.60921778321219));
#2816=CARTESIAN_POINT('',(146.5,-2.63542919971483,8.60921778321219));
#2817=CARTESIAN_POINT('Origin',(144.5,-2.16493489801906E-14,11.75));
#2818=CARTESIAN_POINT('',(144.5,-2.63542919971484,14.8907822167878));
#2819=CARTESIAN_POINT('Origin',(144.5,-2.16493489801906E-14,11.75));
#2820=CARTESIAN_POINT('',(146.5,-2.63542919971484,14.8907822167878));
#2821=CARTESIAN_POINT('',(144.5,-2.63542919971484,14.8907822167878));
#2822=CARTESIAN_POINT('Origin',(146.5,-2.16493489801906E-14,11.75));
#2823=CARTESIAN_POINT('Origin',(144.5,-2.38697950294409E-14,17.1021698862623));
#2824=CARTESIAN_POINT('',(144.5,-2.38697950294409E-14,17.1021698862623));
#2825=CARTESIAN_POINT('',(144.5,-8.90518008499851,9.62983656137285));
#2826=CARTESIAN_POINT('',(146.5,-2.38697950294409E-14,17.1021698862623));
#2827=CARTESIAN_POINT('',(144.5,-2.38697950294409E-14,17.1021698862623));
#2828=CARTESIAN_POINT('',(146.5,-2.38697950294409E-14,17.1021698862623));
#2829=CARTESIAN_POINT('Origin',(144.5,2.63542919971479,14.8907822167878));
#2830=CARTESIAN_POINT('',(144.5,2.63542919971479,14.8907822167878));
#2831=CARTESIAN_POINT('',(144.5,0.833709263520429,16.4026047507333));
#2832=CARTESIAN_POINT('',(146.5,2.63542919971479,14.8907822167878));
#2833=CARTESIAN_POINT('',(144.5,2.63542919971479,14.8907822167878));
#2834=CARTESIAN_POINT('',(146.5,2.63542919971479,14.8907822167878));
#2835=CARTESIAN_POINT('Origin',(144.5,-2.16493489801906E-14,11.75));
#2836=CARTESIAN_POINT('Origin',(144.5,-2.16493489801906E-14,11.75));
#2837=CARTESIAN_POINT('Origin',(146.5,-2.16493489801906E-14,11.75));
#2838=CARTESIAN_POINT('Origin',(146.5,-2.22044604925031E-14,11.75));
#2839=CARTESIAN_POINT('Origin',(107.5,2.63542919971481,8.60921778321219));
#2840=CARTESIAN_POINT('',(107.5,2.63542919971481,8.60921778321219));
#2841=CARTESIAN_POINT('',(107.5,-4.9960036108132E-15,6.39783011373766));
#2842=CARTESIAN_POINT('',(107.5,4.43714913590916,10.1210403171576));
#2843=CARTESIAN_POINT('',(105.5,2.63542919971481,8.60921778321219));
#2844=CARTESIAN_POINT('',(107.5,2.63542919971481,8.60921778321219));
#2845=CARTESIAN_POINT('',(105.5,-4.9960036108132E-15,6.39783011373766));
#2846=CARTESIAN_POINT('',(105.5,-4.9960036108132E-15,6.39783011373766));
#2847=CARTESIAN_POINT('',(107.5,-4.9960036108132E-15,6.39783011373766));
#2848=CARTESIAN_POINT('Origin',(107.5,-7.7715611723761E-15,11.75));
#2849=CARTESIAN_POINT('',(107.5,2.6354291997148,14.8907822167878));
#2850=CARTESIAN_POINT('Origin',(107.5,-7.7715611723761E-15,11.75));
#2851=CARTESIAN_POINT('',(105.5,2.6354291997148,14.8907822167878));
#2852=CARTESIAN_POINT('',(107.5,2.6354291997148,14.8907822167878));
#2853=CARTESIAN_POINT('Origin',(105.5,-7.7715611723761E-15,11.75));
#2854=CARTESIAN_POINT('Origin',(107.5,-9.43689570931383E-15,17.1021698862623));
#2855=CARTESIAN_POINT('',(107.5,-9.43689570931383E-15,17.1021698862623));
#2856=CARTESIAN_POINT('',(107.5,8.90518008499848,9.62983656137286));
#2857=CARTESIAN_POINT('',(105.5,-9.43689570931383E-15,17.1021698862623));
#2858=CARTESIAN_POINT('',(107.5,-9.43689570931383E-15,17.1021698862623));
#2859=CARTESIAN_POINT('',(105.5,2.6354291997148,14.8907822167878));
#2860=CARTESIAN_POINT('Origin',(107.5,-2.63542919971482,14.8907822167878));
#2861=CARTESIAN_POINT('',(107.5,-2.63542919971482,14.8907822167878));
#2862=CARTESIAN_POINT('',(107.5,-0.83370926352046,16.4026047507332));
#2863=CARTESIAN_POINT('',(105.5,-2.63542919971482,14.8907822167878));
#2864=CARTESIAN_POINT('',(107.5,-2.63542919971482,14.8907822167878));
#2865=CARTESIAN_POINT('',(105.5,-9.43689570931383E-15,17.1021698862623));
#2866=CARTESIAN_POINT('Origin',(107.5,-7.7715611723761E-15,11.75));
#2867=CARTESIAN_POINT('',(107.5,-2.63542919971481,8.60921778321219));
#2868=CARTESIAN_POINT('Origin',(107.5,-7.7715611723761E-15,11.75));
#2869=CARTESIAN_POINT('',(105.5,-2.63542919971481,8.60921778321219));
#2870=CARTESIAN_POINT('',(107.5,-2.63542919971481,8.60921778321219));
#2871=CARTESIAN_POINT('Origin',(105.5,-7.7715611723761E-15,11.75));
#2872=CARTESIAN_POINT('Origin',(107.5,-4.9960036108132E-15,6.39783011373766));
#2873=CARTESIAN_POINT('',(107.5,6.26975088528368,1.1368844583227));
#2874=CARTESIAN_POINT('',(105.5,-2.63542919971481,8.60921778321219));
#2875=CARTESIAN_POINT('Origin',(105.5,-8.32667268468867E-15,11.75));
#2876=CARTESIAN_POINT('Origin',(65.5,42.,11.75));
#2877=CARTESIAN_POINT('',(65.5,39.3645708002852,8.60921778321219));
#2878=CARTESIAN_POINT('',(65.5,39.3645708002852,14.8907822167878));
#2879=CARTESIAN_POINT('Origin',(65.5,42.,11.75));
#2880=CARTESIAN_POINT('',(63.5,39.3645708002852,8.60921778321219));
#2881=CARTESIAN_POINT('',(65.5,39.3645708002852,8.60921778321219));
#2882=CARTESIAN_POINT('',(63.5,39.3645708002852,14.8907822167878));
#2883=CARTESIAN_POINT('Origin',(63.5,42.,11.75));
#2884=CARTESIAN_POINT('',(65.5,39.3645708002852,14.8907822167878));
#2885=CARTESIAN_POINT('Origin',(65.5,42.,6.39783011373766));
#2886=CARTESIAN_POINT('',(65.5,42.,6.39783011373766));
#2887=CARTESIAN_POINT('',(65.5,48.2697508852837,1.13688445832269));
#2888=CARTESIAN_POINT('',(63.5,42.,6.39783011373766));
#2889=CARTESIAN_POINT('',(65.5,42.,6.39783011373766));
#2890=CARTESIAN_POINT('',(63.5,42.,6.39783011373766));
#2891=CARTESIAN_POINT('Origin',(65.5,44.6354291997148,8.60921778321219));
#2892=CARTESIAN_POINT('',(65.5,44.6354291997148,8.60921778321219));
#2893=CARTESIAN_POINT('',(65.5,46.4371491359092,10.1210403171576));
#2894=CARTESIAN_POINT('',(63.5,44.6354291997148,8.60921778321219));
#2895=CARTESIAN_POINT('',(65.5,44.6354291997148,8.60921778321219));
#2896=CARTESIAN_POINT('',(63.5,44.6354291997148,8.60921778321219));
#2897=CARTESIAN_POINT('Origin',(65.5,42.,11.75));
#2898=CARTESIAN_POINT('',(65.5,44.6354291997148,14.8907822167878));
#2899=CARTESIAN_POINT('Origin',(65.5,42.,11.75));
#2900=CARTESIAN_POINT('',(63.5,44.6354291997148,14.8907822167878));
#2901=CARTESIAN_POINT('',(65.5,44.6354291997148,14.8907822167878));
#2902=CARTESIAN_POINT('Origin',(63.5,42.,11.75));
#2903=CARTESIAN_POINT('Origin',(65.5,42.,17.1021698862623));
#2904=CARTESIAN_POINT('',(65.5,42.,17.1021698862623));
#2905=CARTESIAN_POINT('',(65.5,50.9051800849985,9.62983656137284));
#2906=CARTESIAN_POINT('',(63.5,42.,17.1021698862623));
#2907=CARTESIAN_POINT('',(65.5,42.,17.1021698862623));
#2908=CARTESIAN_POINT('',(63.5,42.,17.1021698862623));
#2909=CARTESIAN_POINT('Origin',(65.5,39.3645708002852,14.8907822167878));
#2910=CARTESIAN_POINT('',(65.5,41.1662907364796,16.4026047507333));
#2911=CARTESIAN_POINT('',(63.5,39.3645708002852,14.8907822167878));
#2912=CARTESIAN_POINT('Origin',(63.5,42.,11.75));
#2913=CARTESIAN_POINT('Origin',(84.,60.5,6.39783011373766));
#2914=CARTESIAN_POINT('',(84.,60.5,6.39783011373766));
#2915=CARTESIAN_POINT('',(81.3645708002852,60.5,8.60921778321221));
#2916=CARTESIAN_POINT('',(90.2697508852837,60.5,1.13688445832269));
#2917=CARTESIAN_POINT('',(84.,62.5,6.39783011373766));
#2918=CARTESIAN_POINT('',(84.,60.5,6.39783011373766));
#2919=CARTESIAN_POINT('',(81.3645708002852,62.5,8.60921778321221));
#2920=CARTESIAN_POINT('',(84.,62.5,6.39783011373766));
#2921=CARTESIAN_POINT('',(81.3645708002852,60.5,8.60921778321221));
#2922=CARTESIAN_POINT('Origin',(86.6354291997148,60.5,8.60921778321219));
#2923=CARTESIAN_POINT('',(86.6354291997148,60.5,8.60921778321219));
#2924=CARTESIAN_POINT('',(88.4371491359092,60.5,10.1210403171576));
#2925=CARTESIAN_POINT('',(86.6354291997148,62.5,8.60921778321219));
#2926=CARTESIAN_POINT('',(86.6354291997148,60.5,8.60921778321219));
#2927=CARTESIAN_POINT('',(86.6354291997148,62.5,8.60921778321219));
#2928=CARTESIAN_POINT('Origin',(84.,60.5,11.75));
#2929=CARTESIAN_POINT('',(86.6354291997148,60.5,14.8907822167878));
#2930=CARTESIAN_POINT('Origin',(84.,60.5,11.75));
#2931=CARTESIAN_POINT('',(86.6354291997148,62.5,14.8907822167878));
#2932=CARTESIAN_POINT('',(86.6354291997148,60.5,14.8907822167878));
#2933=CARTESIAN_POINT('Origin',(84.,62.5,11.75));
#2934=CARTESIAN_POINT('Origin',(84.,60.5,17.1021698862623));
#2935=CARTESIAN_POINT('',(84.,60.5,17.1021698862623));
#2936=CARTESIAN_POINT('',(92.9051800849985,60.5,9.62983656137283));
#2937=CARTESIAN_POINT('',(84.,62.5,17.1021698862623));
#2938=CARTESIAN_POINT('',(84.,60.5,17.1021698862623));
#2939=CARTESIAN_POINT('',(84.,62.5,17.1021698862623));
#2940=CARTESIAN_POINT('Origin',(81.3645708002852,60.5,14.8907822167878));
#2941=CARTESIAN_POINT('',(81.3645708002852,60.5,14.8907822167878));
#2942=CARTESIAN_POINT('',(83.1662907364795,60.5,16.4026047507332));
#2943=CARTESIAN_POINT('',(81.3645708002852,62.5,14.8907822167878));
#2944=CARTESIAN_POINT('',(81.3645708002852,60.5,14.8907822167878));
#2945=CARTESIAN_POINT('',(81.3645708002852,62.5,14.8907822167878));
#2946=CARTESIAN_POINT('Origin',(84.,60.5,11.75));
#2947=CARTESIAN_POINT('Origin',(84.,60.5,11.75));
#2948=CARTESIAN_POINT('Origin',(84.,62.5,11.75));
#2949=CARTESIAN_POINT('Origin',(84.,62.5,11.75));
#2950=CARTESIAN_POINT('Origin',(128.635429199715,60.5,8.60921778321218));
#2951=CARTESIAN_POINT('',(128.635429199715,60.5,8.60921778321218));
#2952=CARTESIAN_POINT('',(126.,60.5,6.39783011373766));
#2953=CARTESIAN_POINT('',(118.113843270406,60.5,-0.219441089470565));
#2954=CARTESIAN_POINT('',(128.635429199715,62.5,8.60921778321218));
#2955=CARTESIAN_POINT('',(128.635429199715,60.5,8.60921778321218));
#2956=CARTESIAN_POINT('',(126.,62.5,6.39783011373766));
#2957=CARTESIAN_POINT('',(126.,62.5,6.39783011373766));
#2958=CARTESIAN_POINT('',(126.,60.5,6.39783011373766));
#2959=CARTESIAN_POINT('Origin',(126.,60.5,11.75));
#2960=CARTESIAN_POINT('',(128.635429199715,60.5,14.8907822167878));
#2961=CARTESIAN_POINT('Origin',(126.,60.5,11.75));
#2962=CARTESIAN_POINT('',(128.635429199715,62.5,14.8907822167878));
#2963=CARTESIAN_POINT('',(128.635429199715,60.5,14.8907822167878));
#2964=CARTESIAN_POINT('Origin',(126.,62.5,11.75));
#2965=CARTESIAN_POINT('Origin',(126.,60.5,17.1021698862623));
#2966=CARTESIAN_POINT('',(126.,60.5,17.1021698862623));
#2967=CARTESIAN_POINT('',(122.581874219496,60.5,19.970317968001));
#2968=CARTESIAN_POINT('',(126.,62.5,17.1021698862623));
#2969=CARTESIAN_POINT('',(126.,60.5,17.1021698862623));
#2970=CARTESIAN_POINT('',(128.635429199715,62.5,14.8907822167878));
#2971=CARTESIAN_POINT('Origin',(123.364570800285,60.5,14.8907822167878));
#2972=CARTESIAN_POINT('',(123.364570800285,60.5,14.8907822167878));
#2973=CARTESIAN_POINT('',(112.842984870977,60.5,6.06212334410504));
#2974=CARTESIAN_POINT('',(123.364570800285,62.5,14.8907822167878));
#2975=CARTESIAN_POINT('',(123.364570800285,60.5,14.8907822167878));
#2976=CARTESIAN_POINT('',(126.,62.5,17.1021698862623));
#2977=CARTESIAN_POINT('Origin',(126.,60.5,11.75));
#2978=CARTESIAN_POINT('',(123.364570800285,60.5,8.6092177832122));
#2979=CARTESIAN_POINT('Origin',(126.,60.5,11.75));
#2980=CARTESIAN_POINT('',(123.364570800285,62.5,8.6092177832122));
#2981=CARTESIAN_POINT('',(123.364570800285,60.5,8.6092177832122));
#2982=CARTESIAN_POINT('Origin',(126.,62.5,11.75));
#2983=CARTESIAN_POINT('Origin',(126.,60.5,6.39783011373766));
#2984=CARTESIAN_POINT('',(119.946445019781,60.5,11.4773658649509));
#2985=CARTESIAN_POINT('',(123.364570800285,62.5,8.6092177832122));
#2986=CARTESIAN_POINT('Origin',(126.,62.5,11.75));
#2987=CARTESIAN_POINT('Origin',(126.,-18.5,6.39783011373766));
#2988=CARTESIAN_POINT('',(126.,-18.5,6.39783011373766));
#2989=CARTESIAN_POINT('',(128.635429199715,-18.5,8.60921778321218));
#2990=CARTESIAN_POINT('',(119.730249114716,-18.5,1.1368844583227));
#2991=CARTESIAN_POINT('',(126.,-20.5,6.39783011373766));
#2992=CARTESIAN_POINT('',(126.,-18.5,6.39783011373766));
#2993=CARTESIAN_POINT('',(128.635429199715,-20.5,8.60921778321218));
#2994=CARTESIAN_POINT('',(126.,-20.5,6.39783011373766));
#2995=CARTESIAN_POINT('',(128.635429199715,-18.5,8.60921778321218));
#2996=CARTESIAN_POINT('Origin',(123.364570800285,-18.5,8.6092177832122));
#2997=CARTESIAN_POINT('',(123.364570800285,-18.5,8.6092177832122));
#2998=CARTESIAN_POINT('',(121.562850864091,-18.5,10.1210403171576));
#2999=CARTESIAN_POINT('',(123.364570800285,-20.5,8.6092177832122));
#3000=CARTESIAN_POINT('',(123.364570800285,-18.5,8.6092177832122));
#3001=CARTESIAN_POINT('',(123.364570800285,-20.5,8.6092177832122));
#3002=CARTESIAN_POINT('Origin',(126.,-18.5,11.75));
#3003=CARTESIAN_POINT('',(123.364570800285,-18.5,14.8907822167878));
#3004=CARTESIAN_POINT('Origin',(126.,-18.5,11.75));
#3005=CARTESIAN_POINT('',(123.364570800285,-20.5,14.8907822167878));
#3006=CARTESIAN_POINT('',(123.364570800285,-18.5,14.8907822167878));
#3007=CARTESIAN_POINT('Origin',(126.,-20.5,11.75));
#3008=CARTESIAN_POINT('Origin',(126.,-18.5,17.1021698862623));
#3009=CARTESIAN_POINT('',(126.,-18.5,17.1021698862623));
#3010=CARTESIAN_POINT('',(117.094819915002,-18.5,9.62983656137283));
#3011=CARTESIAN_POINT('',(126.,-20.5,17.1021698862623));
#3012=CARTESIAN_POINT('',(126.,-18.5,17.1021698862623));
#3013=CARTESIAN_POINT('',(126.,-20.5,17.1021698862623));
#3014=CARTESIAN_POINT('Origin',(128.635429199715,-18.5,14.8907822167878));
#3015=CARTESIAN_POINT('',(128.635429199715,-18.5,14.8907822167878));
#3016=CARTESIAN_POINT('',(126.83370926352,-18.5,16.4026047507332));
#3017=CARTESIAN_POINT('',(128.635429199715,-20.5,14.8907822167878));
#3018=CARTESIAN_POINT('',(128.635429199715,-18.5,14.8907822167878));
#3019=CARTESIAN_POINT('',(128.635429199715,-20.5,14.8907822167878));
#3020=CARTESIAN_POINT('Origin',(126.,-18.5,11.75));
#3021=CARTESIAN_POINT('Origin',(126.,-18.5,11.75));
#3022=CARTESIAN_POINT('Origin',(126.,-20.5,11.75));
#3023=CARTESIAN_POINT('Origin',(126.,-20.5,11.75));
#3024=CARTESIAN_POINT('Origin',(84.,23.5,17.1021698862623));
#3025=CARTESIAN_POINT('',(84.,23.5,17.1021698862623));
#3026=CARTESIAN_POINT('',(81.3645708002852,23.5,14.8907822167878));
#3027=CARTESIAN_POINT('',(75.0948199150015,23.5,9.62983656137283));
#3028=CARTESIAN_POINT('',(84.,21.5,17.1021698862623));
#3029=CARTESIAN_POINT('',(84.,23.5,17.1021698862623));
#3030=CARTESIAN_POINT('',(81.3645708002852,21.5,14.8907822167878));
#3031=CARTESIAN_POINT('',(84.,21.5,17.1021698862623));
#3032=CARTESIAN_POINT('',(81.3645708002852,23.5,14.8907822167878));
#3033=CARTESIAN_POINT('Origin',(86.6354291997148,23.5,14.8907822167878));
#3034=CARTESIAN_POINT('',(86.6354291997148,23.5,14.8907822167878));
#3035=CARTESIAN_POINT('',(84.8337092635205,23.5,16.4026047507332));
#3036=CARTESIAN_POINT('',(86.6354291997148,21.5,14.8907822167878));
#3037=CARTESIAN_POINT('',(86.6354291997148,23.5,14.8907822167878));
#3038=CARTESIAN_POINT('',(86.6354291997148,21.5,14.8907822167878));
#3039=CARTESIAN_POINT('Origin',(84.,23.5,11.75));
#3040=CARTESIAN_POINT('',(86.6354291997148,23.5,8.60921778321218));
#3041=CARTESIAN_POINT('Origin',(84.,23.5,11.75));
#3042=CARTESIAN_POINT('',(86.6354291997148,21.5,8.60921778321218));
#3043=CARTESIAN_POINT('',(86.6354291997148,23.5,8.60921778321218));
#3044=CARTESIAN_POINT('Origin',(84.,21.5,11.75));
#3045=CARTESIAN_POINT('Origin',(84.,23.5,6.39783011373766));
#3046=CARTESIAN_POINT('',(84.,23.5,6.39783011373766));
#3047=CARTESIAN_POINT('',(77.7302491147163,23.5,1.13688445832269));
#3048=CARTESIAN_POINT('',(84.,21.5,6.39783011373766));
#3049=CARTESIAN_POINT('',(84.,23.5,6.39783011373766));
#3050=CARTESIAN_POINT('',(84.,21.5,6.39783011373766));
#3051=CARTESIAN_POINT('Origin',(81.3645708002852,23.5,8.6092177832122));
#3052=CARTESIAN_POINT('',(81.3645708002852,23.5,8.6092177832122));
#3053=CARTESIAN_POINT('',(79.5628508640908,23.5,10.1210403171576));
#3054=CARTESIAN_POINT('',(81.3645708002852,21.5,8.6092177832122));
#3055=CARTESIAN_POINT('',(81.3645708002852,23.5,8.6092177832122));
#3056=CARTESIAN_POINT('',(81.3645708002852,21.5,8.6092177832122));
#3057=CARTESIAN_POINT('Origin',(84.,23.5,11.75));
#3058=CARTESIAN_POINT('Origin',(84.,23.5,11.75));
#3059=CARTESIAN_POINT('Origin',(84.,21.5,11.75));
#3060=CARTESIAN_POINT('Origin',(84.,21.5,11.75));
#3061=CARTESIAN_POINT('Origin',(100.,16.,0.));
#3062=CARTESIAN_POINT('',(100.,23.5,21.));
#3063=CARTESIAN_POINT('',(107.5,16.,21.));
#3064=CARTESIAN_POINT('Origin',(100.,16.,21.));
#3065=CARTESIAN_POINT('',(107.5,16.,2.5));
#3066=CARTESIAN_POINT('',(107.5,16.,0.));
#3067=CARTESIAN_POINT('',(100.,23.5,2.5));
#3068=CARTESIAN_POINT('Origin',(100.,16.,2.5));
#3069=CARTESIAN_POINT('',(100.,23.5,0.));
#3070=CARTESIAN_POINT('Origin',(126.,42.,21.));
#3071=CARTESIAN_POINT('',(68.,21.,21.));
#3072=CARTESIAN_POINT('',(100.,21.,21.));
#3073=CARTESIAN_POINT('',(68.,21.,21.));
#3074=CARTESIAN_POINT('',(105.,16.,21.));
#3075=CARTESIAN_POINT('Origin',(100.,16.,21.));
#3076=CARTESIAN_POINT('',(105.,-16.,21.));
#3077=CARTESIAN_POINT('',(105.,16.,21.));
#3078=CARTESIAN_POINT('',(110.,-21.,21.));
#3079=CARTESIAN_POINT('Origin',(110.,-16.,21.));
#3080=CARTESIAN_POINT('',(142.,-21.,21.));
#3081=CARTESIAN_POINT('',(110.,-21.,21.));
#3082=CARTESIAN_POINT('',(147.,-16.,21.));
#3083=CARTESIAN_POINT('Origin',(142.,-16.,21.));
#3084=CARTESIAN_POINT('',(147.,58.,21.));
#3085=CARTESIAN_POINT('',(147.,-16.,21.));
#3086=CARTESIAN_POINT('',(142.,63.,21.));
#3087=CARTESIAN_POINT('Origin',(142.,58.,21.));
#3088=CARTESIAN_POINT('',(68.,63.,21.));
#3089=CARTESIAN_POINT('',(142.,63.,21.));
#3090=CARTESIAN_POINT('',(63.,58.,21.));
#3091=CARTESIAN_POINT('Origin',(68.,58.,21.));
#3092=CARTESIAN_POINT('',(63.,26.,21.));
#3093=CARTESIAN_POINT('',(63.,58.,21.));
#3094=CARTESIAN_POINT('Origin',(68.,26.,21.));
#3095=CARTESIAN_POINT('',(68.,23.5,21.));
#3096=CARTESIAN_POINT('',(118.,23.5,21.));
#3097=CARTESIAN_POINT('',(65.5,26.,21.));
#3098=CARTESIAN_POINT('Origin',(68.,26.,21.));
#3099=CARTESIAN_POINT('',(65.5,58.,21.));
#3100=CARTESIAN_POINT('',(65.5,50.,21.));
#3101=CARTESIAN_POINT('',(68.,60.5,21.));
#3102=CARTESIAN_POINT('Origin',(68.,58.,21.));
#3103=CARTESIAN_POINT('',(142.,60.5,21.));
#3104=CARTESIAN_POINT('',(92.,60.5,21.));
#3105=CARTESIAN_POINT('',(144.5,58.,21.));
#3106=CARTESIAN_POINT('Origin',(142.,58.,21.));
#3107=CARTESIAN_POINT('',(144.5,-16.,21.));
#3108=CARTESIAN_POINT('',(144.5,34.,21.));
#3109=CARTESIAN_POINT('',(142.,-18.5,21.));
#3110=CARTESIAN_POINT('Origin',(142.,-16.,21.));
#3111=CARTESIAN_POINT('',(110.,-18.5,21.));
#3112=CARTESIAN_POINT('',(118.,-18.5,21.));
#3113=CARTESIAN_POINT('',(107.5,-16.,21.));
#3114=CARTESIAN_POINT('Origin',(110.,-16.,21.));
#3115=CARTESIAN_POINT('',(107.5,7.99999999999999,21.));
#3116=CARTESIAN_POINT('Origin',(68.,23.5,0.));
#3117=CARTESIAN_POINT('',(68.,23.5,2.5));
#3118=CARTESIAN_POINT('',(76.,23.5,2.5));
#3119=CARTESIAN_POINT('',(68.,23.5,0.));
#3120=CARTESIAN_POINT('Origin',(87.75,21.5,0.5));
#3121=CARTESIAN_POINT('',(68.,21.,1.));
#3122=CARTESIAN_POINT('',(68.,22.,0.));
#3123=CARTESIAN_POINT('',(68.,21.,1.));
#3124=CARTESIAN_POINT('',(100.,22.,0.));
#3125=CARTESIAN_POINT('',(87.75,22.,0.));
#3126=CARTESIAN_POINT('',(100.,21.,1.));
#3127=CARTESIAN_POINT('',(100.,22.,0.));
#3128=CARTESIAN_POINT('',(87.75,21.,1.));
#3129=CARTESIAN_POINT('Origin',(68.,26.,0.5));
#3130=CARTESIAN_POINT('',(63.,26.,1.));
#3131=CARTESIAN_POINT('',(64.,26.,0.));
#3132=CARTESIAN_POINT('',(63.,26.,1.));
#3133=CARTESIAN_POINT('Origin',(68.,26.,0.));
#3134=CARTESIAN_POINT('Origin',(68.,26.,1.));
#3135=CARTESIAN_POINT('Origin',(63.5,38.25,0.5));
#3136=CARTESIAN_POINT('',(63.,58.,1.));
#3137=CARTESIAN_POINT('',(64.,58.,0.));
#3138=CARTESIAN_POINT('',(63.,58.,1.));
#3139=CARTESIAN_POINT('',(64.,38.25,0.));
#3140=CARTESIAN_POINT('',(63.,38.25,1.));
#3141=CARTESIAN_POINT('Origin',(68.,58.,0.5));
#3142=CARTESIAN_POINT('',(68.,63.,1.));
#3143=CARTESIAN_POINT('',(68.,62.,0.));
#3144=CARTESIAN_POINT('',(68.,63.,1.));
#3145=CARTESIAN_POINT('Origin',(68.,58.,0.));
#3146=CARTESIAN_POINT('Origin',(68.,58.,1.));
#3147=CARTESIAN_POINT('Origin',(124.75,62.5,0.5));
#3148=CARTESIAN_POINT('',(142.,63.,1.));
#3149=CARTESIAN_POINT('',(142.,62.,0.));
#3150=CARTESIAN_POINT('',(142.,63.,1.));
#3151=CARTESIAN_POINT('',(124.75,62.,0.));
#3152=CARTESIAN_POINT('',(124.75,63.,1.));
#3153=CARTESIAN_POINT('Origin',(142.,58.,0.5));
#3154=CARTESIAN_POINT('',(147.,58.,1.));
#3155=CARTESIAN_POINT('',(146.,58.,0.));
#3156=CARTESIAN_POINT('',(147.,58.,1.));
#3157=CARTESIAN_POINT('Origin',(142.,58.,0.));
#3158=CARTESIAN_POINT('Origin',(142.,58.,1.));
#3159=CARTESIAN_POINT('Origin',(146.5,1.25,0.5));
#3160=CARTESIAN_POINT('',(147.,-16.,1.));
#3161=CARTESIAN_POINT('',(146.,-16.,0.));
#3162=CARTESIAN_POINT('',(147.,-16.,1.));
#3163=CARTESIAN_POINT('',(146.,1.25,0.));
#3164=CARTESIAN_POINT('',(147.,1.25,1.));
#3165=CARTESIAN_POINT('Origin',(142.,-16.,0.5));
#3166=CARTESIAN_POINT('',(142.,-21.,1.));
#3167=CARTESIAN_POINT('',(142.,-20.,0.));
#3168=CARTESIAN_POINT('',(142.,-21.,1.));
#3169=CARTESIAN_POINT('Origin',(142.,-16.,0.));
#3170=CARTESIAN_POINT('Origin',(142.,-16.,1.));
#3171=CARTESIAN_POINT('Origin',(108.75,-20.5,0.5));
#3172=CARTESIAN_POINT('',(110.,-21.,1.));
#3173=CARTESIAN_POINT('',(110.,-20.,0.));
#3174=CARTESIAN_POINT('',(110.,-21.,1.));
#3175=CARTESIAN_POINT('',(108.75,-20.,0.));
#3176=CARTESIAN_POINT('',(108.75,-21.,1.));
#3177=CARTESIAN_POINT('Origin',(110.,-16.,0.5));
#3178=CARTESIAN_POINT('',(105.,-16.,1.));
#3179=CARTESIAN_POINT('',(106.,-16.,0.));
#3180=CARTESIAN_POINT('',(105.,-16.,1.));
#3181=CARTESIAN_POINT('Origin',(110.,-16.,0.));
#3182=CARTESIAN_POINT('Origin',(110.,-16.,1.));
#3183=CARTESIAN_POINT('Origin',(105.5,17.25,0.5));
#3184=CARTESIAN_POINT('',(105.,16.,1.));
#3185=CARTESIAN_POINT('',(106.,16.,0.));
#3186=CARTESIAN_POINT('',(105.,16.,1.));
#3187=CARTESIAN_POINT('',(106.,17.25,0.));
#3188=CARTESIAN_POINT('',(105.,17.25,1.));
#3189=CARTESIAN_POINT('Origin',(100.,16.,0.5));
#3190=CARTESIAN_POINT('Origin',(100.,16.,1.));
#3191=CARTESIAN_POINT('Origin',(100.,16.,0.));
#3192=CARTESIAN_POINT('Origin',(142.,58.,0.));
#3193=CARTESIAN_POINT('',(142.,63.,0.));
#3194=CARTESIAN_POINT('',(147.,58.,0.));
#3195=CARTESIAN_POINT('Origin',(142.,63.,0.));
#3196=CARTESIAN_POINT('',(68.,63.,0.));
#3197=CARTESIAN_POINT('Origin',(68.,58.,0.));
#3198=CARTESIAN_POINT('',(63.,58.,0.));
#3199=CARTESIAN_POINT('Origin',(63.,58.,0.));
#3200=CARTESIAN_POINT('',(63.,26.,0.));
#3201=CARTESIAN_POINT('Origin',(68.,26.,0.));
#3202=CARTESIAN_POINT('',(68.,21.,0.));
#3203=CARTESIAN_POINT('Origin',(68.,21.,0.));
#3204=CARTESIAN_POINT('',(100.,21.,0.));
#3205=CARTESIAN_POINT('Origin',(107.5,18.5,0.));
#3206=CARTESIAN_POINT('Origin',(100.,16.,0.));
#3207=CARTESIAN_POINT('',(105.,16.,0.));
#3208=CARTESIAN_POINT('Origin',(105.,16.,0.));
#3209=CARTESIAN_POINT('',(105.,-16.,0.));
#3210=CARTESIAN_POINT('Origin',(147.,-16.,0.));
#3211=CARTESIAN_POINT('',(147.,-16.,0.));
#3212=CARTESIAN_POINT('Origin',(110.,-16.,0.));
#3213=CARTESIAN_POINT('',(110.,-21.,0.));
#3214=CARTESIAN_POINT('Origin',(110.,-21.,0.));
#3215=CARTESIAN_POINT('',(142.,-21.,0.));
#3216=CARTESIAN_POINT('Origin',(142.,-16.,0.));
#3217=CARTESIAN_POINT('Origin',(107.5,16.,0.));
#3218=CARTESIAN_POINT('',(107.5,-16.,2.5));
#3219=CARTESIAN_POINT('',(107.5,-16.,0.));
#3220=CARTESIAN_POINT('',(107.5,7.99999999999999,2.5));
#3221=CARTESIAN_POINT('Origin',(144.5,-16.,0.));
#3222=CARTESIAN_POINT('',(144.5,-16.,2.5));
#3223=CARTESIAN_POINT('',(144.5,58.,2.5));
#3224=CARTESIAN_POINT('',(144.5,-8.00000000000001,2.5));
#3225=CARTESIAN_POINT('',(144.5,-16.,0.));
#3226=CARTESIAN_POINT('',(144.5,58.,0.));
#3227=CARTESIAN_POINT('Origin',(142.,-16.,0.));
#3228=CARTESIAN_POINT('',(142.,-18.5,2.5));
#3229=CARTESIAN_POINT('Origin',(142.,-16.,2.5));
#3230=CARTESIAN_POINT('',(142.,-18.5,0.));
#3231=CARTESIAN_POINT('Origin',(110.,-18.5,0.));
#3232=CARTESIAN_POINT('',(110.,-18.5,2.5));
#3233=CARTESIAN_POINT('',(118.,-18.5,2.5));
#3234=CARTESIAN_POINT('',(110.,-18.5,0.));
#3235=CARTESIAN_POINT('Origin',(110.,-16.,0.));
#3236=CARTESIAN_POINT('Origin',(110.,-16.,2.5));
#3237=CARTESIAN_POINT('Origin',(126.,-7.71527483462833E-15,2.5));
#3238=CARTESIAN_POINT('',(142.,60.5,2.5));
#3239=CARTESIAN_POINT('Origin',(142.,58.,2.5));
#3240=CARTESIAN_POINT('',(68.,60.5,2.5));
#3241=CARTESIAN_POINT('',(134.,60.5,2.5));
#3242=CARTESIAN_POINT('',(65.5,58.,2.5));
#3243=CARTESIAN_POINT('Origin',(68.,58.,2.5));
#3244=CARTESIAN_POINT('',(65.5,26.,2.5));
#3245=CARTESIAN_POINT('',(65.5,50.,2.5));
#3246=CARTESIAN_POINT('Origin',(68.,26.,2.5));
#3247=CARTESIAN_POINT('Origin',(65.5,58.,0.));
#3248=CARTESIAN_POINT('',(65.5,58.,0.));
#3249=CARTESIAN_POINT('',(65.5,26.,0.));
#3250=CARTESIAN_POINT('Origin',(68.,58.,0.));
#3251=CARTESIAN_POINT('',(68.,60.5,0.));
#3252=CARTESIAN_POINT('Origin',(100.,60.5,0.));
#3253=CARTESIAN_POINT('',(142.,60.5,0.));
#3254=CARTESIAN_POINT('Origin',(68.,26.,0.));
#3255=CARTESIAN_POINT('Origin',(142.,58.,0.));
#3256=CARTESIAN_POINT('Origin',(130.1,-20.7,21.));
#3257=CARTESIAN_POINT('',(121.9,-20.7,11.));
#3258=CARTESIAN_POINT('Origin',(126.,-20.7,11.));
#3259=CARTESIAN_POINT('Origin',(126.,-20.8,11.));
#3260=CARTESIAN_POINT('',(121.9,-20.8,11.));
#3261=CARTESIAN_POINT('Origin',(126.,-20.8,11.));
#3262=CARTESIAN_POINT('',(121.9,-20.8,11.));
#3263=CARTESIAN_POINT('Origin',(126.,-20.8,11.));
#3264=CARTESIAN_POINT('Origin',(146.7,4.09999999999999,21.));
#3265=CARTESIAN_POINT('',(146.7,-4.10000000000001,11.));
#3266=CARTESIAN_POINT('Origin',(146.7,-9.93572088387864E-15,11.));
#3267=CARTESIAN_POINT('Origin',(146.8,-9.93572088387864E-15,11.));
#3268=CARTESIAN_POINT('',(146.8,-4.10000000000001,11.));
#3269=CARTESIAN_POINT('Origin',(146.8,-9.93572088387864E-15,11.));
#3270=CARTESIAN_POINT('',(146.8,-4.10000000000001,11.));
#3271=CARTESIAN_POINT('Origin',(146.8,-9.93572088387864E-15,11.));
#3272=CARTESIAN_POINT('Origin',(105.3,-4.1,21.));
#3273=CARTESIAN_POINT('',(105.3,4.1,11.));
#3274=CARTESIAN_POINT('Origin',(105.3,-2.95980991114299E-15,11.));
#3275=CARTESIAN_POINT('Origin',(105.2,-2.94756344315152E-15,11.));
#3276=CARTESIAN_POINT('',(105.2,4.1,11.));
#3277=CARTESIAN_POINT('Origin',(105.2,-2.94756344315152E-15,11.));
#3278=CARTESIAN_POINT('',(105.2,4.1,11.));
#3279=CARTESIAN_POINT('Origin',(105.2,-2.94756344315152E-15,11.));
#3280=CARTESIAN_POINT('Origin',(146.7,46.1,21.));
#3281=CARTESIAN_POINT('',(146.7,37.9,11.));
#3282=CARTESIAN_POINT('Origin',(146.7,42.,11.));
#3283=CARTESIAN_POINT('Origin',(146.8,42.,11.));
#3284=CARTESIAN_POINT('',(146.8,37.9,11.));
#3285=CARTESIAN_POINT('Origin',(146.8,42.,11.));
#3286=CARTESIAN_POINT('',(146.8,37.9,11.));
#3287=CARTESIAN_POINT('Origin',(146.8,42.,11.));
#3288=UNCERTAINTY_MEASURE_WITH_UNIT(LENGTH_MEASURE(0.01),#3292,
'DISTANCE_ACCURACY_VALUE',
'Maximum model space distance between geometric entities at asserted c
onnectivities');
#3289=UNCERTAINTY_MEASURE_WITH_UNIT(LENGTH_MEASURE(0.01),#3292,
'DISTANCE_ACCURACY_VALUE',
'Maximum model space distance between geometric entities at asserted c
onnectivities');
#3290=(
GEOMETRIC_REPRESENTATION_CONTEXT(3)
GLOBAL_UNCERTAINTY_ASSIGNED_CONTEXT((#3288))
GLOBAL_UNIT_ASSIGNED_CONTEXT((#3292,#3294,#3295))
REPRESENTATION_CONTEXT('','3D')
);
#3291=(
GEOMETRIC_REPRESENTATION_CONTEXT(3)
GLOBAL_UNCERTAINTY_ASSIGNED_CONTEXT((#3289))
GLOBAL_UNIT_ASSIGNED_CONTEXT((#3292,#3294,#3295))
REPRESENTATION_CONTEXT('','3D')
);
#3292=(
LENGTH_UNIT()
NAMED_UNIT(*)
SI_UNIT(.MILLI.,.METRE.)
);
#3293=(
LENGTH_UNIT()
NAMED_UNIT(*)
SI_UNIT($,.METRE.)
);
#3294=(
NAMED_UNIT(*)
PLANE_ANGLE_UNIT()
SI_UNIT($,.RADIAN.)
);
#3295=(
NAMED_UNIT(*)
SI_UNIT($,.STERADIAN.)
SOLID_ANGLE_UNIT()
);
#3296=SHAPE_DEFINITION_REPRESENTATION(#3297,#3298);
#3297=PRODUCT_DEFINITION_SHAPE('',$,#3300);
#3298=SHAPE_REPRESENTATION('',(#1952),#3290);
#3299=PRODUCT_DEFINITION_CONTEXT('part definition',#3304,'design');
#3300=PRODUCT_DEFINITION('MagGrid','MagGrid v7',#3301,#3299);
#3301=PRODUCT_DEFINITION_FORMATION('',$,#3306);
#3302=PRODUCT_RELATED_PRODUCT_CATEGORY('MagGrid v7','MagGrid v7',(#3306));
#3303=APPLICATION_PROTOCOL_DEFINITION('international standard',
'automotive_design',2009,#3304);
#3304=APPLICATION_CONTEXT(
'Core Data for Automotive Mechanical Design Process');
#3305=PRODUCT_CONTEXT('part definition',#3304,'mechanical');
#3306=PRODUCT('MagGrid','MagGrid v7',$,(#3305));
#3307=PRESENTATION_STYLE_ASSIGNMENT((#3308));
#3308=SURFACE_STYLE_USAGE(.BOTH.,#3309);
#3309=SURFACE_SIDE_STYLE('',(#3310));
#3310=SURFACE_STYLE_FILL_AREA(#3311);
#3311=FILL_AREA_STYLE('Steel - Satin',(#3312));
#3312=FILL_AREA_STYLE_COLOUR('Steel - Satin',#3313);
#3313=COLOUR_RGB('Steel - Satin',0.627450980392157,0.627450980392157,0.627450980392157);
ENDSEC;
END-ISO-10303-21;
