ISO-10303-21;
HEADER;
/* Generated by software containing ST-Developer
 * from STEP Tools, Inc. (www.steptools.com) 
 */

FILE_DESCRIPTION(
/* description */ (''),
/* implementation_level */ '2;1');

FILE_NAME(
/* name */ 'MagGrid I.step',
/* time_stamp */ '2026-08-06T10:15:37-07:00',
/* author */ (''),
/* organization */ (''),
/* preprocessor_version */ 'ST-DEVELOPER v20.1',
/* originating_system */ 'Autodesk Translation Framework v15.8.0.0',
/* authorisation */ '');

FILE_SCHEMA (('AUTOMOTIVE_DESIGN { 1 0 10303 214 3 1 1 }'));
ENDSEC;

DATA;
#10=MECHANICAL_DESIGN_GEOMETRIC_PRESENTATION_REPRESENTATION('',(#13),#2391);
#11=SHAPE_REPRESENTATION_RELATIONSHIP('SRR','None',#2398,#12);
#12=ADVANCED_BREP_SHAPE_REPRESENTATION('',(#1407),#2390);
#13=STYLED_ITEM('',(#2407),#1407);
#14=FACE_BOUND('',#479,.T.);
#15=FACE_BOUND('',#482,.T.);
#16=FACE_BOUND('',#483,.T.);
#17=FACE_BOUND('',#485,.T.);
#18=FACE_BOUND('',#486,.T.);
#19=FACE_BOUND('',#493,.T.);
#20=FACE_BOUND('',#496,.T.);
#21=CONICAL_SURFACE('',#1503,4.49999999999999,0.785398163397447);
#22=CONICAL_SURFACE('',#1507,4.5,0.785398163397448);
#23=CONICAL_SURFACE('',#1511,4.5,0.785398163397448);
#24=CONICAL_SURFACE('',#1515,4.5,0.785398163397447);
#25=ORIENTED_CLOSED_SHELL('',*,#1400,.F.);
#26=ORIENTED_CLOSED_SHELL('',*,#1401,.F.);
#27=ORIENTED_CLOSED_SHELL('',*,#1402,.F.);
#28=ORIENTED_CLOSED_SHELL('',*,#1404,.F.);
#29=ORIENTED_CLOSED_SHELL('',*,#1405,.F.);
#30=ORIENTED_CLOSED_SHELL('',*,#1406,.F.);
#31=LINE('',#1993,#165);
#32=LINE('',#2001,#166);
#33=LINE('',#2009,#167);
#34=LINE('',#2014,#168);
#35=LINE('',#2016,#169);
#36=LINE('',#2018,#170);
#37=LINE('',#2019,#171);
#38=LINE('',#2022,#172);
#39=LINE('',#2024,#173);
#40=LINE('',#2025,#174);
#41=LINE('',#2030,#175);
#42=LINE('',#2034,#176);
#43=LINE('',#2036,#177);
#44=LINE('',#2037,#178);
#45=LINE('',#2040,#179);
#46=LINE('',#2042,#180);
#47=LINE('',#2043,#181);
#48=LINE('',#2051,#182);
#49=LINE('',#2053,#183);
#50=LINE('',#2055,#184);
#51=LINE('',#2056,#185);
#52=LINE('',#2059,#186);
#53=LINE('',#2061,#187);
#54=LINE('',#2062,#188);
#55=LINE('',#2067,#189);
#56=LINE('',#2071,#190);
#57=LINE('',#2073,#191);
#58=LINE('',#2074,#192);
#59=LINE('',#2077,#193);
#60=LINE('',#2079,#194);
#61=LINE('',#2080,#195);
#62=LINE('',#2090,#196);
#63=LINE('',#2093,#197);
#64=LINE('',#2096,#198);
#65=LINE('',#2098,#199);
#66=LINE('',#2099,#200);
#67=LINE('',#2102,#201);
#68=LINE('',#2104,#202);
#69=LINE('',#2105,#203);
#70=LINE('',#2111,#204);
#71=LINE('',#2114,#205);
#72=LINE('',#2116,#206);
#73=LINE('',#2117,#207);
#74=LINE('',#2119,#208);
#75=LINE('',#2120,#209);
#76=LINE('',#2127,#210);
#77=LINE('',#2130,#211);
#78=LINE('',#2133,#212);
#79=LINE('',#2135,#213);
#80=LINE('',#2136,#214);
#81=LINE('',#2139,#215);
#82=LINE('',#2141,#216);
#83=LINE('',#2142,#217);
#84=LINE('',#2148,#218);
#85=LINE('',#2151,#219);
#86=LINE('',#2153,#220);
#87=LINE('',#2154,#221);
#88=LINE('',#2156,#222);
#89=LINE('',#2157,#223);
#90=LINE('',#2164,#224);
#91=LINE('',#2167,#225);
#92=LINE('',#2170,#226);
#93=LINE('',#2172,#227);
#94=LINE('',#2173,#228);
#95=LINE('',#2176,#229);
#96=LINE('',#2178,#230);
#97=LINE('',#2179,#231);
#98=LINE('',#2184,#232);
#99=LINE('',#2188,#233);
#100=LINE('',#2190,#234);
#101=LINE('',#2191,#235);
#102=LINE('',#2193,#236);
#103=LINE('',#2194,#237);
#104=LINE('',#2201,#238);
#105=LINE('',#2204,#239);
#106=LINE('',#2207,#240);
#107=LINE('',#2209,#241);
#108=LINE('',#2210,#242);
#109=LINE('',#2213,#243);
#110=LINE('',#2215,#244);
#111=LINE('',#2216,#245);
#112=LINE('',#2221,#246);
#113=LINE('',#2225,#247);
#114=LINE('',#2227,#248);
#115=LINE('',#2228,#249);
#116=LINE('',#2230,#250);
#117=LINE('',#2231,#251);
#118=LINE('',#2236,#252);
#119=LINE('',#2238,#253);
#120=LINE('',#2240,#254);
#121=LINE('',#2241,#255);
#122=LINE('',#2245,#256);
#123=LINE('',#2251,#257);
#124=LINE('',#2252,#258);
#125=LINE('',#2253,#259);
#126=LINE('',#2257,#260);
#127=LINE('',#2263,#261);
#128=LINE('',#2264,#262);
#129=LINE('',#2265,#263);
#130=LINE('',#2269,#264);
#131=LINE('',#2275,#265);
#132=LINE('',#2276,#266);
#133=LINE('',#2277,#267);
#134=LINE('',#2283,#268);
#135=LINE('',#2286,#269);
#136=LINE('',#2289,#270);
#137=LINE('',#2290,#271);
#138=LINE('',#2293,#272);
#139=LINE('',#2297,#273);
#140=LINE('',#2298,#274);
#141=LINE('',#2302,#275);
#142=LINE('',#2303,#276);
#143=LINE('',#2307,#277);
#144=LINE('',#2311,#278);
#145=LINE('',#2313,#279);
#146=LINE('',#2315,#280);
#147=LINE('',#2316,#281);
#148=LINE('',#2321,#282);
#149=LINE('',#2325,#283);
#150=LINE('',#2327,#284);
#151=LINE('',#2328,#285);
#152=LINE('',#2332,#286);
#153=LINE('',#2334,#287);
#154=LINE('',#2336,#288);
#155=LINE('',#2337,#289);
#156=LINE('',#2345,#290);
#157=LINE('',#2349,#291);
#158=LINE('',#2350,#292);
#159=LINE('',#2355,#293);
#160=LINE('',#2359,#294);
#161=LINE('',#2360,#295);
#162=LINE('',#2370,#296);
#163=LINE('',#2378,#297);
#164=LINE('',#2386,#298);
#165=VECTOR('',#1574,4.1);
#166=VECTOR('',#1585,4.1);
#167=VECTOR('',#1596,4.1);
#168=VECTOR('',#1601,10.);
#169=VECTOR('',#1602,10.);
#170=VECTOR('',#1603,10.);
#171=VECTOR('',#1604,10.);
#172=VECTOR('',#1607,10.);
#173=VECTOR('',#1608,10.);
#174=VECTOR('',#1609,10.);
#175=VECTOR('',#1614,10.);
#176=VECTOR('',#1619,10.);
#177=VECTOR('',#1620,10.);
#178=VECTOR('',#1621,10.);
#179=VECTOR('',#1624,10.);
#180=VECTOR('',#1625,10.);
#181=VECTOR('',#1626,10.);
#182=VECTOR('',#1637,10.);
#183=VECTOR('',#1638,10.);
#184=VECTOR('',#1639,10.);
#185=VECTOR('',#1640,10.);
#186=VECTOR('',#1643,10.);
#187=VECTOR('',#1644,10.);
#188=VECTOR('',#1645,10.);
#189=VECTOR('',#1650,10.);
#190=VECTOR('',#1655,10.);
#191=VECTOR('',#1656,10.);
#192=VECTOR('',#1657,10.);
#193=VECTOR('',#1660,10.);
#194=VECTOR('',#1661,10.);
#195=VECTOR('',#1662,10.);
#196=VECTOR('',#1675,10.);
#197=VECTOR('',#1678,10.);
#198=VECTOR('',#1681,10.);
#199=VECTOR('',#1682,10.);
#200=VECTOR('',#1683,10.);
#201=VECTOR('',#1686,10.);
#202=VECTOR('',#1687,10.);
#203=VECTOR('',#1688,10.);
#204=VECTOR('',#1695,10.);
#205=VECTOR('',#1698,10.);
#206=VECTOR('',#1699,10.);
#207=VECTOR('',#1700,10.);
#208=VECTOR('',#1703,10.);
#209=VECTOR('',#1704,10.);
#210=VECTOR('',#1711,10.);
#211=VECTOR('',#1714,10.);
#212=VECTOR('',#1717,10.);
#213=VECTOR('',#1718,10.);
#214=VECTOR('',#1719,10.);
#215=VECTOR('',#1722,10.);
#216=VECTOR('',#1723,10.);
#217=VECTOR('',#1724,10.);
#218=VECTOR('',#1731,10.);
#219=VECTOR('',#1734,10.);
#220=VECTOR('',#1735,10.);
#221=VECTOR('',#1736,10.);
#222=VECTOR('',#1739,10.);
#223=VECTOR('',#1740,10.);
#224=VECTOR('',#1747,10.);
#225=VECTOR('',#1750,10.);
#226=VECTOR('',#1753,10.);
#227=VECTOR('',#1754,10.);
#228=VECTOR('',#1755,10.);
#229=VECTOR('',#1758,10.);
#230=VECTOR('',#1759,10.);
#231=VECTOR('',#1760,10.);
#232=VECTOR('',#1765,10.);
#233=VECTOR('',#1770,10.);
#234=VECTOR('',#1771,10.);
#235=VECTOR('',#1772,10.);
#236=VECTOR('',#1775,10.);
#237=VECTOR('',#1776,10.);
#238=VECTOR('',#1783,10.);
#239=VECTOR('',#1786,10.);
#240=VECTOR('',#1789,10.);
#241=VECTOR('',#1790,10.);
#242=VECTOR('',#1791,10.);
#243=VECTOR('',#1794,10.);
#244=VECTOR('',#1795,10.);
#245=VECTOR('',#1796,10.);
#246=VECTOR('',#1801,10.);
#247=VECTOR('',#1806,10.);
#248=VECTOR('',#1807,10.);
#249=VECTOR('',#1808,10.);
#250=VECTOR('',#1811,10.);
#251=VECTOR('',#1812,10.);
#252=VECTOR('',#1817,10.);
#253=VECTOR('',#1818,10.);
#254=VECTOR('',#1819,10.);
#255=VECTOR('',#1820,10.);
#256=VECTOR('',#1823,10.);
#257=VECTOR('',#1830,10.);
#258=VECTOR('',#1831,10.);
#259=VECTOR('',#1832,10.);
#260=VECTOR('',#1835,10.);
#261=VECTOR('',#1842,10.);
#262=VECTOR('',#1843,10.);
#263=VECTOR('',#1844,10.);
#264=VECTOR('',#1847,10.);
#265=VECTOR('',#1854,10.);
#266=VECTOR('',#1855,10.);
#267=VECTOR('',#1856,10.);
#268=VECTOR('',#1865,10.);
#269=VECTOR('',#1868,10.);
#270=VECTOR('',#1871,10.);
#271=VECTOR('',#1872,10.);
#272=VECTOR('',#1875,10.);
#273=VECTOR('',#1880,10.);
#274=VECTOR('',#1881,10.);
#275=VECTOR('',#1886,10.);
#276=VECTOR('',#1887,10.);
#277=VECTOR('',#1892,10.);
#278=VECTOR('',#1895,10.);
#279=VECTOR('',#1896,10.);
#280=VECTOR('',#1897,10.);
#281=VECTOR('',#1898,10.);
#282=VECTOR('',#1903,10.);
#283=VECTOR('',#1908,10.);
#284=VECTOR('',#1909,10.);
#285=VECTOR('',#1910,10.);
#286=VECTOR('',#1913,10.);
#287=VECTOR('',#1914,10.);
#288=VECTOR('',#1915,10.);
#289=VECTOR('',#1916,10.);
#290=VECTOR('',#1927,10.);
#291=VECTOR('',#1932,10.);
#292=VECTOR('',#1933,10.);
#293=VECTOR('',#1940,10.);
#294=VECTOR('',#1945,10.);
#295=VECTOR('',#1946,10.);
#296=VECTOR('',#1961,4.1);
#297=VECTOR('',#1972,4.1);
#298=VECTOR('',#1983,4.1);
#299=CYLINDRICAL_SURFACE('',#1423,4.1);
#300=CYLINDRICAL_SURFACE('',#1428,4.1);
#301=CYLINDRICAL_SURFACE('',#1433,4.1);
#302=CYLINDRICAL_SURFACE('',#1438,4.1);
#303=CYLINDRICAL_SURFACE('',#1443,4.1);
#304=CYLINDRICAL_SURFACE('',#1449,4.1);
#305=CYLINDRICAL_SURFACE('',#1454,4.1);
#306=CYLINDRICAL_SURFACE('',#1458,4.09999999999999);
#307=CYLINDRICAL_SURFACE('',#1463,4.09999999999999);
#308=CYLINDRICAL_SURFACE('',#1469,4.1);
#309=CYLINDRICAL_SURFACE('',#1474,4.1);
#310=CYLINDRICAL_SURFACE('',#1480,4.09999999999999);
#311=CYLINDRICAL_SURFACE('',#1485,4.09999999999999);
#312=CYLINDRICAL_SURFACE('',#1491,4.1);
#313=CYLINDRICAL_SURFACE('',#1496,4.1);
#314=CYLINDRICAL_SURFACE('',#1518,5.);
#315=CYLINDRICAL_SURFACE('',#1521,4.99999999999999);
#316=CYLINDRICAL_SURFACE('',#1526,5.);
#317=CYLINDRICAL_SURFACE('',#1529,2.5);
#318=CYLINDRICAL_SURFACE('',#1534,2.5);
#319=CYLINDRICAL_SURFACE('',#1541,5.);
#320=CYLINDRICAL_SURFACE('',#1543,2.49999999999999);
#321=CYLINDRICAL_SURFACE('',#1546,2.5);
#322=CYLINDRICAL_SURFACE('',#1551,4.1);
#323=CYLINDRICAL_SURFACE('',#1556,4.1);
#324=CYLINDRICAL_SURFACE('',#1561,4.1);
#325=FACE_OUTER_BOUND('',#412,.T.);
#326=FACE_OUTER_BOUND('',#413,.T.);
#327=FACE_OUTER_BOUND('',#414,.T.);
#328=FACE_OUTER_BOUND('',#415,.T.);
#329=FACE_OUTER_BOUND('',#416,.T.);
#330=FACE_OUTER_BOUND('',#417,.T.);
#331=FACE_OUTER_BOUND('',#418,.T.);
#332=FACE_OUTER_BOUND('',#419,.T.);
#333=FACE_OUTER_BOUND('',#420,.T.);
#334=FACE_OUTER_BOUND('',#421,.T.);
#335=FACE_OUTER_BOUND('',#422,.T.);
#336=FACE_OUTER_BOUND('',#423,.T.);
#337=FACE_OUTER_BOUND('',#424,.T.);
#338=FACE_OUTER_BOUND('',#425,.T.);
#339=FACE_OUTER_BOUND('',#426,.T.);
#340=FACE_OUTER_BOUND('',#427,.T.);
#341=FACE_OUTER_BOUND('',#428,.T.);
#342=FACE_OUTER_BOUND('',#429,.T.);
#343=FACE_OUTER_BOUND('',#430,.T.);
#344=FACE_OUTER_BOUND('',#431,.T.);
#345=FACE_OUTER_BOUND('',#432,.T.);
#346=FACE_OUTER_BOUND('',#433,.T.);
#347=FACE_OUTER_BOUND('',#434,.T.);
#348=FACE_OUTER_BOUND('',#435,.T.);
#349=FACE_OUTER_BOUND('',#436,.T.);
#350=FACE_OUTER_BOUND('',#437,.T.);
#351=FACE_OUTER_BOUND('',#438,.T.);
#352=FACE_OUTER_BOUND('',#439,.T.);
#353=FACE_OUTER_BOUND('',#440,.T.);
#354=FACE_OUTER_BOUND('',#441,.T.);
#355=FACE_OUTER_BOUND('',#442,.T.);
#356=FACE_OUTER_BOUND('',#443,.T.);
#357=FACE_OUTER_BOUND('',#444,.T.);
#358=FACE_OUTER_BOUND('',#445,.T.);
#359=FACE_OUTER_BOUND('',#446,.T.);
#360=FACE_OUTER_BOUND('',#447,.T.);
#361=FACE_OUTER_BOUND('',#448,.T.);
#362=FACE_OUTER_BOUND('',#449,.T.);
#363=FACE_OUTER_BOUND('',#450,.T.);
#364=FACE_OUTER_BOUND('',#451,.T.);
#365=FACE_OUTER_BOUND('',#452,.T.);
#366=FACE_OUTER_BOUND('',#453,.T.);
#367=FACE_OUTER_BOUND('',#454,.T.);
#368=FACE_OUTER_BOUND('',#455,.T.);
#369=FACE_OUTER_BOUND('',#456,.T.);
#370=FACE_OUTER_BOUND('',#457,.T.);
#371=FACE_OUTER_BOUND('',#458,.T.);
#372=FACE_OUTER_BOUND('',#459,.T.);
#373=FACE_OUTER_BOUND('',#460,.T.);
#374=FACE_OUTER_BOUND('',#461,.T.);
#375=FACE_OUTER_BOUND('',#462,.T.);
#376=FACE_OUTER_BOUND('',#463,.T.);
#377=FACE_OUTER_BOUND('',#464,.T.);
#378=FACE_OUTER_BOUND('',#465,.T.);
#379=FACE_OUTER_BOUND('',#466,.T.);
#380=FACE_OUTER_BOUND('',#467,.T.);
#381=FACE_OUTER_BOUND('',#468,.T.);
#382=FACE_OUTER_BOUND('',#469,.T.);
#383=FACE_OUTER_BOUND('',#470,.T.);
#384=FACE_OUTER_BOUND('',#471,.T.);
#385=FACE_OUTER_BOUND('',#472,.T.);
#386=FACE_OUTER_BOUND('',#473,.T.);
#387=FACE_OUTER_BOUND('',#474,.T.);
#388=FACE_OUTER_BOUND('',#475,.T.);
#389=FACE_OUTER_BOUND('',#476,.T.);
#390=FACE_OUTER_BOUND('',#477,.T.);
#391=FACE_OUTER_BOUND('',#478,.T.);
#392=FACE_OUTER_BOUND('',#480,.T.);
#393=FACE_OUTER_BOUND('',#481,.T.);
#394=FACE_OUTER_BOUND('',#484,.T.);
#395=FACE_OUTER_BOUND('',#487,.T.);
#396=FACE_OUTER_BOUND('',#488,.T.);
#397=FACE_OUTER_BOUND('',#489,.T.);
#398=FACE_OUTER_BOUND('',#490,.T.);
#399=FACE_OUTER_BOUND('',#491,.T.);
#400=FACE_OUTER_BOUND('',#492,.T.);
#401=FACE_OUTER_BOUND('',#494,.T.);
#402=FACE_OUTER_BOUND('',#495,.T.);
#403=FACE_OUTER_BOUND('',#497,.T.);
#404=FACE_OUTER_BOUND('',#498,.T.);
#405=FACE_OUTER_BOUND('',#499,.T.);
#406=FACE_OUTER_BOUND('',#500,.T.);
#407=FACE_OUTER_BOUND('',#501,.T.);
#408=FACE_OUTER_BOUND('',#502,.T.);
#409=FACE_OUTER_BOUND('',#503,.T.);
#410=FACE_OUTER_BOUND('',#504,.T.);
#411=FACE_OUTER_BOUND('',#505,.T.);
#412=EDGE_LOOP('',(#876));
#413=EDGE_LOOP('',(#877,#878,#879,#880));
#414=EDGE_LOOP('',(#881));
#415=EDGE_LOOP('',(#882));
#416=EDGE_LOOP('',(#883,#884,#885,#886));
#417=EDGE_LOOP('',(#887));
#418=EDGE_LOOP('',(#888));
#419=EDGE_LOOP('',(#889,#890,#891,#892));
#420=EDGE_LOOP('',(#893));
#421=EDGE_LOOP('',(#894,#895,#896,#897));
#422=EDGE_LOOP('',(#898,#899,#900,#901));
#423=EDGE_LOOP('',(#902,#903,#904,#905));
#424=EDGE_LOOP('',(#906,#907,#908,#909));
#425=EDGE_LOOP('',(#910,#911,#912,#913));
#426=EDGE_LOOP('',(#914,#915,#916,#917));
#427=EDGE_LOOP('',(#918,#919,#920,#921,#922,#923));
#428=EDGE_LOOP('',(#924,#925,#926,#927));
#429=EDGE_LOOP('',(#928,#929,#930,#931));
#430=EDGE_LOOP('',(#932,#933,#934,#935));
#431=EDGE_LOOP('',(#936,#937,#938,#939));
#432=EDGE_LOOP('',(#940,#941,#942,#943));
#433=EDGE_LOOP('',(#944,#945,#946,#947));
#434=EDGE_LOOP('',(#948,#949,#950,#951,#952,#953));
#435=EDGE_LOOP('',(#954,#955,#956,#957));
#436=EDGE_LOOP('',(#958,#959,#960,#961));
#437=EDGE_LOOP('',(#962,#963,#964,#965));
#438=EDGE_LOOP('',(#966,#967,#968,#969));
#439=EDGE_LOOP('',(#970,#971,#972,#973));
#440=EDGE_LOOP('',(#974,#975,#976,#977));
#441=EDGE_LOOP('',(#978,#979,#980,#981,#982,#983));
#442=EDGE_LOOP('',(#984,#985,#986,#987));
#443=EDGE_LOOP('',(#988,#989,#990,#991));
#444=EDGE_LOOP('',(#992,#993,#994,#995));
#445=EDGE_LOOP('',(#996,#997,#998,#999));
#446=EDGE_LOOP('',(#1000,#1001,#1002,#1003));
#447=EDGE_LOOP('',(#1004,#1005,#1006,#1007));
#448=EDGE_LOOP('',(#1008,#1009,#1010,#1011,#1012,#1013));
#449=EDGE_LOOP('',(#1014,#1015,#1016,#1017));
#450=EDGE_LOOP('',(#1018,#1019,#1020,#1021));
#451=EDGE_LOOP('',(#1022,#1023,#1024,#1025));
#452=EDGE_LOOP('',(#1026,#1027,#1028,#1029));
#453=EDGE_LOOP('',(#1030,#1031,#1032,#1033));
#454=EDGE_LOOP('',(#1034,#1035,#1036,#1037));
#455=EDGE_LOOP('',(#1038,#1039,#1040,#1041,#1042,#1043));
#456=EDGE_LOOP('',(#1044,#1045,#1046,#1047));
#457=EDGE_LOOP('',(#1048,#1049,#1050,#1051));
#458=EDGE_LOOP('',(#1052,#1053,#1054,#1055));
#459=EDGE_LOOP('',(#1056,#1057,#1058,#1059));
#460=EDGE_LOOP('',(#1060,#1061,#1062,#1063));
#461=EDGE_LOOP('',(#1064,#1065,#1066,#1067));
#462=EDGE_LOOP('',(#1068,#1069,#1070,#1071,#1072,#1073));
#463=EDGE_LOOP('',(#1074,#1075,#1076,#1077));
#464=EDGE_LOOP('',(#1078,#1079,#1080,#1081));
#465=EDGE_LOOP('',(#1082,#1083,#1084,#1085));
#466=EDGE_LOOP('',(#1086,#1087,#1088,#1089));
#467=EDGE_LOOP('',(#1090,#1091,#1092,#1093));
#468=EDGE_LOOP('',(#1094,#1095,#1096,#1097));
#469=EDGE_LOOP('',(#1098,#1099,#1100,#1101));
#470=EDGE_LOOP('',(#1102,#1103,#1104,#1105));
#471=EDGE_LOOP('',(#1106,#1107,#1108,#1109));
#472=EDGE_LOOP('',(#1110,#1111,#1112,#1113));
#473=EDGE_LOOP('',(#1114,#1115,#1116,#1117));
#474=EDGE_LOOP('',(#1118,#1119,#1120,#1121));
#475=EDGE_LOOP('',(#1122,#1123,#1124,#1125,#1126,#1127,#1128,#1129));
#476=EDGE_LOOP('',(#1130,#1131,#1132,#1133));
#477=EDGE_LOOP('',(#1134,#1135,#1136,#1137));
#478=EDGE_LOOP('',(#1138,#1139,#1140,#1141));
#479=EDGE_LOOP('',(#1142,#1143,#1144,#1145,#1146,#1147));
#480=EDGE_LOOP('',(#1148,#1149,#1150,#1151));
#481=EDGE_LOOP('',(#1152,#1153,#1154,#1155));
#482=EDGE_LOOP('',(#1156,#1157,#1158,#1159,#1160,#1161));
#483=EDGE_LOOP('',(#1162,#1163,#1164,#1165,#1166,#1167));
#484=EDGE_LOOP('',(#1168,#1169,#1170,#1171));
#485=EDGE_LOOP('',(#1172,#1173,#1174,#1175,#1176,#1177));
#486=EDGE_LOOP('',(#1178,#1179,#1180,#1181,#1182,#1183));
#487=EDGE_LOOP('',(#1184,#1185,#1186,#1187));
#488=EDGE_LOOP('',(#1188,#1189,#1190,#1191,#1192,#1193,#1194,#1195));
#489=EDGE_LOOP('',(#1196,#1197,#1198,#1199));
#490=EDGE_LOOP('',(#1200,#1201,#1202,#1203));
#491=EDGE_LOOP('',(#1204,#1205,#1206,#1207));
#492=EDGE_LOOP('',(#1208,#1209,#1210,#1211));
#493=EDGE_LOOP('',(#1212,#1213,#1214,#1215,#1216,#1217));
#494=EDGE_LOOP('',(#1218,#1219,#1220,#1221));
#495=EDGE_LOOP('',(#1222,#1223,#1224,#1225,#1226,#1227,#1228,#1229));
#496=EDGE_LOOP('',(#1230,#1231,#1232,#1233,#1234,#1235,#1236,#1237));
#497=EDGE_LOOP('',(#1238));
#498=EDGE_LOOP('',(#1239,#1240,#1241,#1242));
#499=EDGE_LOOP('',(#1243));
#500=EDGE_LOOP('',(#1244));
#501=EDGE_LOOP('',(#1245,#1246,#1247,#1248));
#502=EDGE_LOOP('',(#1249));
#503=EDGE_LOOP('',(#1250));
#504=EDGE_LOOP('',(#1251,#1252,#1253,#1254));
#505=EDGE_LOOP('',(#1255));
#506=CIRCLE('',#1422,4.1);
#507=CIRCLE('',#1424,4.1);
#508=CIRCLE('',#1427,4.1);
#509=CIRCLE('',#1429,4.1);
#510=CIRCLE('',#1432,4.1);
#511=CIRCLE('',#1434,4.1);
#512=CIRCLE('',#1439,4.1);
#513=CIRCLE('',#1440,4.1);
#514=CIRCLE('',#1444,4.1);
#515=CIRCLE('',#1445,4.1);
#516=CIRCLE('',#1450,4.1);
#517=CIRCLE('',#1451,4.1);
#518=CIRCLE('',#1455,4.1);
#519=CIRCLE('',#1456,4.1);
#520=CIRCLE('',#1459,4.09999999999999);
#521=CIRCLE('',#1460,4.09999999999999);
#522=CIRCLE('',#1464,4.09999999999999);
#523=CIRCLE('',#1465,4.09999999999999);
#524=CIRCLE('',#1470,4.1);
#525=CIRCLE('',#1471,4.1);
#526=CIRCLE('',#1475,4.1);
#527=CIRCLE('',#1476,4.1);
#528=CIRCLE('',#1481,4.09999999999999);
#529=CIRCLE('',#1482,4.09999999999999);
#530=CIRCLE('',#1486,4.09999999999999);
#531=CIRCLE('',#1487,4.09999999999999);
#532=CIRCLE('',#1492,4.1);
#533=CIRCLE('',#1493,4.1);
#534=CIRCLE('',#1497,4.1);
#535=CIRCLE('',#1498,4.1);
#536=CIRCLE('',#1504,3.99999999999999);
#537=CIRCLE('',#1505,4.99999999999999);
#538=CIRCLE('',#1508,4.);
#539=CIRCLE('',#1509,5.);
#540=CIRCLE('',#1512,4.);
#541=CIRCLE('',#1513,5.);
#542=CIRCLE('',#1516,4.);
#543=CIRCLE('',#1517,5.);
#544=CIRCLE('',#1519,5.);
#545=CIRCLE('',#1522,4.99999999999999);
#546=CIRCLE('',#1527,5.);
#547=CIRCLE('',#1530,2.5);
#548=CIRCLE('',#1531,2.5);
#549=CIRCLE('',#1535,2.5);
#550=CIRCLE('',#1536,2.5);
#551=CIRCLE('',#1538,2.5);
#552=CIRCLE('',#1539,2.49999999999999);
#553=CIRCLE('',#1542,5.);
#554=CIRCLE('',#1544,2.49999999999999);
#555=CIRCLE('',#1547,2.5);
#556=CIRCLE('',#1550,4.1);
#557=CIRCLE('',#1552,4.1);
#558=CIRCLE('',#1555,4.1);
#559=CIRCLE('',#1557,4.1);
#560=CIRCLE('',#1560,4.1);
#561=CIRCLE('',#1562,4.1);
#562=VERTEX_POINT('',#1988);
#563=VERTEX_POINT('',#1991);
#564=VERTEX_POINT('',#1996);
#565=VERTEX_POINT('',#1999);
#566=VERTEX_POINT('',#2004);
#567=VERTEX_POINT('',#2007);
#568=VERTEX_POINT('',#2012);
#569=VERTEX_POINT('',#2013);
#570=VERTEX_POINT('',#2015);
#571=VERTEX_POINT('',#2017);
#572=VERTEX_POINT('',#2021);
#573=VERTEX_POINT('',#2023);
#574=VERTEX_POINT('',#2027);
#575=VERTEX_POINT('',#2029);
#576=VERTEX_POINT('',#2033);
#577=VERTEX_POINT('',#2035);
#578=VERTEX_POINT('',#2039);
#579=VERTEX_POINT('',#2041);
#580=VERTEX_POINT('',#2049);
#581=VERTEX_POINT('',#2050);
#582=VERTEX_POINT('',#2052);
#583=VERTEX_POINT('',#2054);
#584=VERTEX_POINT('',#2058);
#585=VERTEX_POINT('',#2060);
#586=VERTEX_POINT('',#2064);
#587=VERTEX_POINT('',#2066);
#588=VERTEX_POINT('',#2070);
#589=VERTEX_POINT('',#2072);
#590=VERTEX_POINT('',#2076);
#591=VERTEX_POINT('',#2078);
#592=VERTEX_POINT('',#2086);
#593=VERTEX_POINT('',#2087);
#594=VERTEX_POINT('',#2089);
#595=VERTEX_POINT('',#2091);
#596=VERTEX_POINT('',#2095);
#597=VERTEX_POINT('',#2097);
#598=VERTEX_POINT('',#2101);
#599=VERTEX_POINT('',#2103);
#600=VERTEX_POINT('',#2107);
#601=VERTEX_POINT('',#2109);
#602=VERTEX_POINT('',#2113);
#603=VERTEX_POINT('',#2115);
#604=VERTEX_POINT('',#2123);
#605=VERTEX_POINT('',#2124);
#606=VERTEX_POINT('',#2126);
#607=VERTEX_POINT('',#2128);
#608=VERTEX_POINT('',#2132);
#609=VERTEX_POINT('',#2134);
#610=VERTEX_POINT('',#2138);
#611=VERTEX_POINT('',#2140);
#612=VERTEX_POINT('',#2144);
#613=VERTEX_POINT('',#2146);
#614=VERTEX_POINT('',#2150);
#615=VERTEX_POINT('',#2152);
#616=VERTEX_POINT('',#2160);
#617=VERTEX_POINT('',#2161);
#618=VERTEX_POINT('',#2163);
#619=VERTEX_POINT('',#2165);
#620=VERTEX_POINT('',#2169);
#621=VERTEX_POINT('',#2171);
#622=VERTEX_POINT('',#2175);
#623=VERTEX_POINT('',#2177);
#624=VERTEX_POINT('',#2181);
#625=VERTEX_POINT('',#2183);
#626=VERTEX_POINT('',#2187);
#627=VERTEX_POINT('',#2189);
#628=VERTEX_POINT('',#2197);
#629=VERTEX_POINT('',#2198);
#630=VERTEX_POINT('',#2200);
#631=VERTEX_POINT('',#2202);
#632=VERTEX_POINT('',#2206);
#633=VERTEX_POINT('',#2208);
#634=VERTEX_POINT('',#2212);
#635=VERTEX_POINT('',#2214);
#636=VERTEX_POINT('',#2218);
#637=VERTEX_POINT('',#2220);
#638=VERTEX_POINT('',#2224);
#639=VERTEX_POINT('',#2226);
#640=VERTEX_POINT('',#2234);
#641=VERTEX_POINT('',#2235);
#642=VERTEX_POINT('',#2237);
#643=VERTEX_POINT('',#2239);
#644=VERTEX_POINT('',#2243);
#645=VERTEX_POINT('',#2244);
#646=VERTEX_POINT('',#2249);
#647=VERTEX_POINT('',#2250);
#648=VERTEX_POINT('',#2255);
#649=VERTEX_POINT('',#2256);
#650=VERTEX_POINT('',#2261);
#651=VERTEX_POINT('',#2262);
#652=VERTEX_POINT('',#2267);
#653=VERTEX_POINT('',#2268);
#654=VERTEX_POINT('',#2273);
#655=VERTEX_POINT('',#2274);
#656=VERTEX_POINT('',#2282);
#657=VERTEX_POINT('',#2284);
#658=VERTEX_POINT('',#2288);
#659=VERTEX_POINT('',#2292);
#660=VERTEX_POINT('',#2296);
#661=VERTEX_POINT('',#2301);
#662=VERTEX_POINT('',#2305);
#663=VERTEX_POINT('',#2309);
#664=VERTEX_POINT('',#2310);
#665=VERTEX_POINT('',#2312);
#666=VERTEX_POINT('',#2314);
#667=VERTEX_POINT('',#2318);
#668=VERTEX_POINT('',#2320);
#669=VERTEX_POINT('',#2324);
#670=VERTEX_POINT('',#2326);
#671=VERTEX_POINT('',#2330);
#672=VERTEX_POINT('',#2331);
#673=VERTEX_POINT('',#2333);
#674=VERTEX_POINT('',#2335);
#675=VERTEX_POINT('',#2342);
#676=VERTEX_POINT('',#2344);
#677=VERTEX_POINT('',#2348);
#678=VERTEX_POINT('',#2354);
#679=VERTEX_POINT('',#2358);
#680=VERTEX_POINT('',#2365);
#681=VERTEX_POINT('',#2368);
#682=VERTEX_POINT('',#2373);
#683=VERTEX_POINT('',#2376);
#684=VERTEX_POINT('',#2381);
#685=VERTEX_POINT('',#2384);
#686=EDGE_CURVE('',#562,#562,#506,.T.);
#687=EDGE_CURVE('',#563,#563,#507,.T.);
#688=EDGE_CURVE('',#563,#562,#31,.T.);
#689=EDGE_CURVE('',#564,#564,#508,.T.);
#690=EDGE_CURVE('',#565,#565,#509,.T.);
#691=EDGE_CURVE('',#565,#564,#32,.T.);
#692=EDGE_CURVE('',#566,#566,#510,.T.);
#693=EDGE_CURVE('',#567,#567,#511,.T.);
#694=EDGE_CURVE('',#567,#566,#33,.T.);
#695=EDGE_CURVE('',#568,#569,#34,.T.);
#696=EDGE_CURVE('',#568,#570,#35,.T.);
#697=EDGE_CURVE('',#570,#571,#36,.T.);
#698=EDGE_CURVE('',#569,#571,#37,.T.);
#699=EDGE_CURVE('',#572,#568,#38,.T.);
#700=EDGE_CURVE('',#572,#573,#39,.T.);
#701=EDGE_CURVE('',#573,#570,#40,.T.);
#702=EDGE_CURVE('',#574,#572,#512,.T.);
#703=EDGE_CURVE('',#574,#575,#41,.T.);
#704=EDGE_CURVE('',#575,#573,#513,.T.);
#705=EDGE_CURVE('',#576,#574,#42,.T.);
#706=EDGE_CURVE('',#576,#577,#43,.T.);
#707=EDGE_CURVE('',#577,#575,#44,.T.);
#708=EDGE_CURVE('',#578,#576,#45,.T.);
#709=EDGE_CURVE('',#578,#579,#46,.T.);
#710=EDGE_CURVE('',#579,#577,#47,.T.);
#711=EDGE_CURVE('',#569,#578,#514,.T.);
#712=EDGE_CURVE('',#571,#579,#515,.T.);
#713=EDGE_CURVE('',#580,#581,#48,.T.);
#714=EDGE_CURVE('',#580,#582,#49,.T.);
#715=EDGE_CURVE('',#582,#583,#50,.T.);
#716=EDGE_CURVE('',#581,#583,#51,.T.);
#717=EDGE_CURVE('',#584,#580,#52,.T.);
#718=EDGE_CURVE('',#584,#585,#53,.T.);
#719=EDGE_CURVE('',#585,#582,#54,.T.);
#720=EDGE_CURVE('',#586,#584,#516,.T.);
#721=EDGE_CURVE('',#586,#587,#55,.T.);
#722=EDGE_CURVE('',#587,#585,#517,.T.);
#723=EDGE_CURVE('',#588,#586,#56,.T.);
#724=EDGE_CURVE('',#588,#589,#57,.T.);
#725=EDGE_CURVE('',#589,#587,#58,.T.);
#726=EDGE_CURVE('',#590,#588,#59,.T.);
#727=EDGE_CURVE('',#590,#591,#60,.T.);
#728=EDGE_CURVE('',#591,#589,#61,.T.);
#729=EDGE_CURVE('',#581,#590,#518,.T.);
#730=EDGE_CURVE('',#583,#591,#519,.T.);
#731=EDGE_CURVE('',#592,#593,#520,.T.);
#732=EDGE_CURVE('',#592,#594,#62,.T.);
#733=EDGE_CURVE('',#595,#594,#521,.T.);
#734=EDGE_CURVE('',#593,#595,#63,.T.);
#735=EDGE_CURVE('',#593,#596,#64,.T.);
#736=EDGE_CURVE('',#597,#595,#65,.T.);
#737=EDGE_CURVE('',#596,#597,#66,.T.);
#738=EDGE_CURVE('',#596,#598,#67,.T.);
#739=EDGE_CURVE('',#599,#597,#68,.T.);
#740=EDGE_CURVE('',#598,#599,#69,.T.);
#741=EDGE_CURVE('',#598,#600,#522,.T.);
#742=EDGE_CURVE('',#601,#599,#523,.T.);
#743=EDGE_CURVE('',#600,#601,#70,.T.);
#744=EDGE_CURVE('',#600,#602,#71,.T.);
#745=EDGE_CURVE('',#603,#601,#72,.T.);
#746=EDGE_CURVE('',#602,#603,#73,.T.);
#747=EDGE_CURVE('',#602,#592,#74,.T.);
#748=EDGE_CURVE('',#594,#603,#75,.T.);
#749=EDGE_CURVE('',#604,#605,#524,.T.);
#750=EDGE_CURVE('',#604,#606,#76,.T.);
#751=EDGE_CURVE('',#607,#606,#525,.T.);
#752=EDGE_CURVE('',#605,#607,#77,.T.);
#753=EDGE_CURVE('',#605,#608,#78,.T.);
#754=EDGE_CURVE('',#609,#607,#79,.T.);
#755=EDGE_CURVE('',#608,#609,#80,.T.);
#756=EDGE_CURVE('',#608,#610,#81,.T.);
#757=EDGE_CURVE('',#611,#609,#82,.T.);
#758=EDGE_CURVE('',#610,#611,#83,.T.);
#759=EDGE_CURVE('',#610,#612,#526,.T.);
#760=EDGE_CURVE('',#613,#611,#527,.T.);
#761=EDGE_CURVE('',#612,#613,#84,.T.);
#762=EDGE_CURVE('',#612,#614,#85,.T.);
#763=EDGE_CURVE('',#615,#613,#86,.T.);
#764=EDGE_CURVE('',#614,#615,#87,.T.);
#765=EDGE_CURVE('',#614,#604,#88,.T.);
#766=EDGE_CURVE('',#606,#615,#89,.T.);
#767=EDGE_CURVE('',#616,#617,#528,.T.);
#768=EDGE_CURVE('',#616,#618,#90,.T.);
#769=EDGE_CURVE('',#618,#619,#529,.T.);
#770=EDGE_CURVE('',#617,#619,#91,.T.);
#771=EDGE_CURVE('',#620,#616,#92,.T.);
#772=EDGE_CURVE('',#620,#621,#93,.T.);
#773=EDGE_CURVE('',#621,#618,#94,.T.);
#774=EDGE_CURVE('',#622,#620,#95,.T.);
#775=EDGE_CURVE('',#622,#623,#96,.T.);
#776=EDGE_CURVE('',#623,#621,#97,.T.);
#777=EDGE_CURVE('',#624,#622,#530,.T.);
#778=EDGE_CURVE('',#624,#625,#98,.T.);
#779=EDGE_CURVE('',#625,#623,#531,.T.);
#780=EDGE_CURVE('',#626,#624,#99,.T.);
#781=EDGE_CURVE('',#626,#627,#100,.T.);
#782=EDGE_CURVE('',#627,#625,#101,.T.);
#783=EDGE_CURVE('',#617,#626,#102,.T.);
#784=EDGE_CURVE('',#619,#627,#103,.T.);
#785=EDGE_CURVE('',#628,#629,#532,.T.);
#786=EDGE_CURVE('',#628,#630,#104,.T.);
#787=EDGE_CURVE('',#630,#631,#533,.T.);
#788=EDGE_CURVE('',#629,#631,#105,.T.);
#789=EDGE_CURVE('',#632,#628,#106,.T.);
#790=EDGE_CURVE('',#632,#633,#107,.T.);
#791=EDGE_CURVE('',#633,#630,#108,.T.);
#792=EDGE_CURVE('',#634,#632,#109,.T.);
#793=EDGE_CURVE('',#634,#635,#110,.T.);
#794=EDGE_CURVE('',#635,#633,#111,.T.);
#795=EDGE_CURVE('',#636,#634,#534,.T.);
#796=EDGE_CURVE('',#636,#637,#112,.T.);
#797=EDGE_CURVE('',#637,#635,#535,.T.);
#798=EDGE_CURVE('',#638,#636,#113,.T.);
#799=EDGE_CURVE('',#638,#639,#114,.T.);
#800=EDGE_CURVE('',#639,#637,#115,.T.);
#801=EDGE_CURVE('',#629,#638,#116,.T.);
#802=EDGE_CURVE('',#631,#639,#117,.T.);
#803=EDGE_CURVE('',#640,#641,#118,.T.);
#804=EDGE_CURVE('',#641,#642,#119,.T.);
#805=EDGE_CURVE('',#642,#643,#120,.T.);
#806=EDGE_CURVE('',#643,#640,#121,.T.);
#807=EDGE_CURVE('',#644,#645,#122,.T.);
#808=EDGE_CURVE('',#645,#641,#536,.T.);
#809=EDGE_CURVE('',#640,#644,#537,.T.);
#810=EDGE_CURVE('',#646,#647,#123,.T.);
#811=EDGE_CURVE('',#647,#645,#124,.T.);
#812=EDGE_CURVE('',#644,#646,#125,.T.);
#813=EDGE_CURVE('',#648,#649,#126,.T.);
#814=EDGE_CURVE('',#649,#647,#538,.T.);
#815=EDGE_CURVE('',#646,#648,#539,.T.);
#816=EDGE_CURVE('',#650,#651,#127,.T.);
#817=EDGE_CURVE('',#651,#649,#128,.T.);
#818=EDGE_CURVE('',#648,#650,#129,.T.);
#819=EDGE_CURVE('',#652,#653,#130,.T.);
#820=EDGE_CURVE('',#653,#651,#540,.T.);
#821=EDGE_CURVE('',#650,#652,#541,.T.);
#822=EDGE_CURVE('',#654,#655,#131,.T.);
#823=EDGE_CURVE('',#655,#653,#132,.T.);
#824=EDGE_CURVE('',#652,#654,#133,.T.);
#825=EDGE_CURVE('',#642,#655,#542,.T.);
#826=EDGE_CURVE('',#654,#643,#543,.T.);
#827=EDGE_CURVE('',#646,#656,#134,.T.);
#828=EDGE_CURVE('',#657,#656,#544,.T.);
#829=EDGE_CURVE('',#648,#657,#135,.T.);
#830=EDGE_CURVE('',#644,#658,#136,.T.);
#831=EDGE_CURVE('',#656,#658,#137,.T.);
#832=EDGE_CURVE('',#640,#659,#138,.T.);
#833=EDGE_CURVE('',#658,#659,#545,.T.);
#834=EDGE_CURVE('',#643,#660,#139,.T.);
#835=EDGE_CURVE('',#659,#660,#140,.T.);
#836=EDGE_CURVE('',#661,#657,#141,.T.);
#837=EDGE_CURVE('',#650,#661,#142,.T.);
#838=EDGE_CURVE('',#662,#661,#546,.T.);
#839=EDGE_CURVE('',#652,#662,#143,.T.);
#840=EDGE_CURVE('',#663,#664,#144,.F.);
#841=EDGE_CURVE('',#663,#665,#145,.T.);
#842=EDGE_CURVE('',#666,#665,#146,.T.);
#843=EDGE_CURVE('',#664,#666,#147,.T.);
#844=EDGE_CURVE('',#667,#663,#547,.F.);
#845=EDGE_CURVE('',#667,#668,#148,.T.);
#846=EDGE_CURVE('',#665,#668,#548,.T.);
#847=EDGE_CURVE('',#669,#667,#149,.F.);
#848=EDGE_CURVE('',#669,#670,#150,.T.);
#849=EDGE_CURVE('',#668,#670,#151,.T.);
#850=EDGE_CURVE('',#671,#672,#152,.F.);
#851=EDGE_CURVE('',#671,#673,#153,.T.);
#852=EDGE_CURVE('',#674,#673,#154,.T.);
#853=EDGE_CURVE('',#672,#674,#155,.T.);
#854=EDGE_CURVE('',#664,#671,#549,.F.);
#855=EDGE_CURVE('',#673,#666,#550,.T.);
#856=EDGE_CURVE('',#672,#675,#551,.F.);
#857=EDGE_CURVE('',#675,#676,#156,.F.);
#858=EDGE_CURVE('',#676,#669,#552,.F.);
#859=EDGE_CURVE('',#677,#662,#157,.T.);
#860=EDGE_CURVE('',#654,#677,#158,.T.);
#861=EDGE_CURVE('',#660,#677,#553,.T.);
#862=EDGE_CURVE('',#676,#678,#159,.T.);
#863=EDGE_CURVE('',#670,#678,#554,.T.);
#864=EDGE_CURVE('',#675,#679,#160,.T.);
#865=EDGE_CURVE('',#678,#679,#161,.T.);
#866=EDGE_CURVE('',#679,#674,#555,.T.);
#867=EDGE_CURVE('',#680,#680,#556,.T.);
#868=EDGE_CURVE('',#681,#681,#557,.T.);
#869=EDGE_CURVE('',#681,#680,#162,.T.);
#870=EDGE_CURVE('',#682,#682,#558,.T.);
#871=EDGE_CURVE('',#683,#683,#559,.T.);
#872=EDGE_CURVE('',#683,#682,#163,.T.);
#873=EDGE_CURVE('',#684,#684,#560,.T.);
#874=EDGE_CURVE('',#685,#685,#561,.T.);
#875=EDGE_CURVE('',#685,#684,#164,.T.);
#876=ORIENTED_EDGE('',*,*,#686,.F.);
#877=ORIENTED_EDGE('',*,*,#687,.T.);
#878=ORIENTED_EDGE('',*,*,#688,.T.);
#879=ORIENTED_EDGE('',*,*,#686,.T.);
#880=ORIENTED_EDGE('',*,*,#688,.F.);
#881=ORIENTED_EDGE('',*,*,#687,.F.);
#882=ORIENTED_EDGE('',*,*,#689,.F.);
#883=ORIENTED_EDGE('',*,*,#690,.T.);
#884=ORIENTED_EDGE('',*,*,#691,.T.);
#885=ORIENTED_EDGE('',*,*,#689,.T.);
#886=ORIENTED_EDGE('',*,*,#691,.F.);
#887=ORIENTED_EDGE('',*,*,#690,.F.);
#888=ORIENTED_EDGE('',*,*,#692,.F.);
#889=ORIENTED_EDGE('',*,*,#693,.T.);
#890=ORIENTED_EDGE('',*,*,#694,.T.);
#891=ORIENTED_EDGE('',*,*,#692,.T.);
#892=ORIENTED_EDGE('',*,*,#694,.F.);
#893=ORIENTED_EDGE('',*,*,#693,.F.);
#894=ORIENTED_EDGE('',*,*,#695,.F.);
#895=ORIENTED_EDGE('',*,*,#696,.T.);
#896=ORIENTED_EDGE('',*,*,#697,.T.);
#897=ORIENTED_EDGE('',*,*,#698,.F.);
#898=ORIENTED_EDGE('',*,*,#699,.F.);
#899=ORIENTED_EDGE('',*,*,#700,.T.);
#900=ORIENTED_EDGE('',*,*,#701,.T.);
#901=ORIENTED_EDGE('',*,*,#696,.F.);
#902=ORIENTED_EDGE('',*,*,#702,.F.);
#903=ORIENTED_EDGE('',*,*,#703,.T.);
#904=ORIENTED_EDGE('',*,*,#704,.T.);
#905=ORIENTED_EDGE('',*,*,#700,.F.);
#906=ORIENTED_EDGE('',*,*,#705,.F.);
#907=ORIENTED_EDGE('',*,*,#706,.T.);
#908=ORIENTED_EDGE('',*,*,#707,.T.);
#909=ORIENTED_EDGE('',*,*,#703,.F.);
#910=ORIENTED_EDGE('',*,*,#708,.F.);
#911=ORIENTED_EDGE('',*,*,#709,.T.);
#912=ORIENTED_EDGE('',*,*,#710,.T.);
#913=ORIENTED_EDGE('',*,*,#706,.F.);
#914=ORIENTED_EDGE('',*,*,#711,.F.);
#915=ORIENTED_EDGE('',*,*,#698,.T.);
#916=ORIENTED_EDGE('',*,*,#712,.T.);
#917=ORIENTED_EDGE('',*,*,#709,.F.);
#918=ORIENTED_EDGE('',*,*,#712,.F.);
#919=ORIENTED_EDGE('',*,*,#697,.F.);
#920=ORIENTED_EDGE('',*,*,#701,.F.);
#921=ORIENTED_EDGE('',*,*,#704,.F.);
#922=ORIENTED_EDGE('',*,*,#707,.F.);
#923=ORIENTED_EDGE('',*,*,#710,.F.);
#924=ORIENTED_EDGE('',*,*,#713,.F.);
#925=ORIENTED_EDGE('',*,*,#714,.T.);
#926=ORIENTED_EDGE('',*,*,#715,.T.);
#927=ORIENTED_EDGE('',*,*,#716,.F.);
#928=ORIENTED_EDGE('',*,*,#717,.F.);
#929=ORIENTED_EDGE('',*,*,#718,.T.);
#930=ORIENTED_EDGE('',*,*,#719,.T.);
#931=ORIENTED_EDGE('',*,*,#714,.F.);
#932=ORIENTED_EDGE('',*,*,#720,.F.);
#933=ORIENTED_EDGE('',*,*,#721,.T.);
#934=ORIENTED_EDGE('',*,*,#722,.T.);
#935=ORIENTED_EDGE('',*,*,#718,.F.);
#936=ORIENTED_EDGE('',*,*,#723,.F.);
#937=ORIENTED_EDGE('',*,*,#724,.T.);
#938=ORIENTED_EDGE('',*,*,#725,.T.);
#939=ORIENTED_EDGE('',*,*,#721,.F.);
#940=ORIENTED_EDGE('',*,*,#726,.F.);
#941=ORIENTED_EDGE('',*,*,#727,.T.);
#942=ORIENTED_EDGE('',*,*,#728,.T.);
#943=ORIENTED_EDGE('',*,*,#724,.F.);
#944=ORIENTED_EDGE('',*,*,#729,.F.);
#945=ORIENTED_EDGE('',*,*,#716,.T.);
#946=ORIENTED_EDGE('',*,*,#730,.T.);
#947=ORIENTED_EDGE('',*,*,#727,.F.);
#948=ORIENTED_EDGE('',*,*,#730,.F.);
#949=ORIENTED_EDGE('',*,*,#715,.F.);
#950=ORIENTED_EDGE('',*,*,#719,.F.);
#951=ORIENTED_EDGE('',*,*,#722,.F.);
#952=ORIENTED_EDGE('',*,*,#725,.F.);
#953=ORIENTED_EDGE('',*,*,#728,.F.);
#954=ORIENTED_EDGE('',*,*,#731,.F.);
#955=ORIENTED_EDGE('',*,*,#732,.T.);
#956=ORIENTED_EDGE('',*,*,#733,.F.);
#957=ORIENTED_EDGE('',*,*,#734,.F.);
#958=ORIENTED_EDGE('',*,*,#735,.F.);
#959=ORIENTED_EDGE('',*,*,#734,.T.);
#960=ORIENTED_EDGE('',*,*,#736,.F.);
#961=ORIENTED_EDGE('',*,*,#737,.F.);
#962=ORIENTED_EDGE('',*,*,#738,.F.);
#963=ORIENTED_EDGE('',*,*,#737,.T.);
#964=ORIENTED_EDGE('',*,*,#739,.F.);
#965=ORIENTED_EDGE('',*,*,#740,.F.);
#966=ORIENTED_EDGE('',*,*,#741,.F.);
#967=ORIENTED_EDGE('',*,*,#740,.T.);
#968=ORIENTED_EDGE('',*,*,#742,.F.);
#969=ORIENTED_EDGE('',*,*,#743,.F.);
#970=ORIENTED_EDGE('',*,*,#744,.F.);
#971=ORIENTED_EDGE('',*,*,#743,.T.);
#972=ORIENTED_EDGE('',*,*,#745,.F.);
#973=ORIENTED_EDGE('',*,*,#746,.F.);
#974=ORIENTED_EDGE('',*,*,#747,.F.);
#975=ORIENTED_EDGE('',*,*,#746,.T.);
#976=ORIENTED_EDGE('',*,*,#748,.F.);
#977=ORIENTED_EDGE('',*,*,#732,.F.);
#978=ORIENTED_EDGE('',*,*,#748,.T.);
#979=ORIENTED_EDGE('',*,*,#745,.T.);
#980=ORIENTED_EDGE('',*,*,#742,.T.);
#981=ORIENTED_EDGE('',*,*,#739,.T.);
#982=ORIENTED_EDGE('',*,*,#736,.T.);
#983=ORIENTED_EDGE('',*,*,#733,.T.);
#984=ORIENTED_EDGE('',*,*,#749,.F.);
#985=ORIENTED_EDGE('',*,*,#750,.T.);
#986=ORIENTED_EDGE('',*,*,#751,.F.);
#987=ORIENTED_EDGE('',*,*,#752,.F.);
#988=ORIENTED_EDGE('',*,*,#753,.F.);
#989=ORIENTED_EDGE('',*,*,#752,.T.);
#990=ORIENTED_EDGE('',*,*,#754,.F.);
#991=ORIENTED_EDGE('',*,*,#755,.F.);
#992=ORIENTED_EDGE('',*,*,#756,.F.);
#993=ORIENTED_EDGE('',*,*,#755,.T.);
#994=ORIENTED_EDGE('',*,*,#757,.F.);
#995=ORIENTED_EDGE('',*,*,#758,.F.);
#996=ORIENTED_EDGE('',*,*,#759,.F.);
#997=ORIENTED_EDGE('',*,*,#758,.T.);
#998=ORIENTED_EDGE('',*,*,#760,.F.);
#999=ORIENTED_EDGE('',*,*,#761,.F.);
#1000=ORIENTED_EDGE('',*,*,#762,.F.);
#1001=ORIENTED_EDGE('',*,*,#761,.T.);
#1002=ORIENTED_EDGE('',*,*,#763,.F.);
#1003=ORIENTED_EDGE('',*,*,#764,.F.);
#1004=ORIENTED_EDGE('',*,*,#765,.F.);
#1005=ORIENTED_EDGE('',*,*,#764,.T.);
#1006=ORIENTED_EDGE('',*,*,#766,.F.);
#1007=ORIENTED_EDGE('',*,*,#750,.F.);
#1008=ORIENTED_EDGE('',*,*,#766,.T.);
#1009=ORIENTED_EDGE('',*,*,#763,.T.);
#1010=ORIENTED_EDGE('',*,*,#760,.T.);
#1011=ORIENTED_EDGE('',*,*,#757,.T.);
#1012=ORIENTED_EDGE('',*,*,#754,.T.);
#1013=ORIENTED_EDGE('',*,*,#751,.T.);
#1014=ORIENTED_EDGE('',*,*,#767,.F.);
#1015=ORIENTED_EDGE('',*,*,#768,.T.);
#1016=ORIENTED_EDGE('',*,*,#769,.T.);
#1017=ORIENTED_EDGE('',*,*,#770,.F.);
#1018=ORIENTED_EDGE('',*,*,#771,.F.);
#1019=ORIENTED_EDGE('',*,*,#772,.T.);
#1020=ORIENTED_EDGE('',*,*,#773,.T.);
#1021=ORIENTED_EDGE('',*,*,#768,.F.);
#1022=ORIENTED_EDGE('',*,*,#774,.F.);
#1023=ORIENTED_EDGE('',*,*,#775,.T.);
#1024=ORIENTED_EDGE('',*,*,#776,.T.);
#1025=ORIENTED_EDGE('',*,*,#772,.F.);
#1026=ORIENTED_EDGE('',*,*,#777,.F.);
#1027=ORIENTED_EDGE('',*,*,#778,.T.);
#1028=ORIENTED_EDGE('',*,*,#779,.T.);
#1029=ORIENTED_EDGE('',*,*,#775,.F.);
#1030=ORIENTED_EDGE('',*,*,#780,.F.);
#1031=ORIENTED_EDGE('',*,*,#781,.T.);
#1032=ORIENTED_EDGE('',*,*,#782,.T.);
#1033=ORIENTED_EDGE('',*,*,#778,.F.);
#1034=ORIENTED_EDGE('',*,*,#783,.F.);
#1035=ORIENTED_EDGE('',*,*,#770,.T.);
#1036=ORIENTED_EDGE('',*,*,#784,.T.);
#1037=ORIENTED_EDGE('',*,*,#781,.F.);
#1038=ORIENTED_EDGE('',*,*,#784,.F.);
#1039=ORIENTED_EDGE('',*,*,#769,.F.);
#1040=ORIENTED_EDGE('',*,*,#773,.F.);
#1041=ORIENTED_EDGE('',*,*,#776,.F.);
#1042=ORIENTED_EDGE('',*,*,#779,.F.);
#1043=ORIENTED_EDGE('',*,*,#782,.F.);
#1044=ORIENTED_EDGE('',*,*,#785,.F.);
#1045=ORIENTED_EDGE('',*,*,#786,.T.);
#1046=ORIENTED_EDGE('',*,*,#787,.T.);
#1047=ORIENTED_EDGE('',*,*,#788,.F.);
#1048=ORIENTED_EDGE('',*,*,#789,.F.);
#1049=ORIENTED_EDGE('',*,*,#790,.T.);
#1050=ORIENTED_EDGE('',*,*,#791,.T.);
#1051=ORIENTED_EDGE('',*,*,#786,.F.);
#1052=ORIENTED_EDGE('',*,*,#792,.F.);
#1053=ORIENTED_EDGE('',*,*,#793,.T.);
#1054=ORIENTED_EDGE('',*,*,#794,.T.);
#1055=ORIENTED_EDGE('',*,*,#790,.F.);
#1056=ORIENTED_EDGE('',*,*,#795,.F.);
#1057=ORIENTED_EDGE('',*,*,#796,.T.);
#1058=ORIENTED_EDGE('',*,*,#797,.T.);
#1059=ORIENTED_EDGE('',*,*,#793,.F.);
#1060=ORIENTED_EDGE('',*,*,#798,.F.);
#1061=ORIENTED_EDGE('',*,*,#799,.T.);
#1062=ORIENTED_EDGE('',*,*,#800,.T.);
#1063=ORIENTED_EDGE('',*,*,#796,.F.);
#1064=ORIENTED_EDGE('',*,*,#801,.F.);
#1065=ORIENTED_EDGE('',*,*,#788,.T.);
#1066=ORIENTED_EDGE('',*,*,#802,.T.);
#1067=ORIENTED_EDGE('',*,*,#799,.F.);
#1068=ORIENTED_EDGE('',*,*,#802,.F.);
#1069=ORIENTED_EDGE('',*,*,#787,.F.);
#1070=ORIENTED_EDGE('',*,*,#791,.F.);
#1071=ORIENTED_EDGE('',*,*,#794,.F.);
#1072=ORIENTED_EDGE('',*,*,#797,.F.);
#1073=ORIENTED_EDGE('',*,*,#800,.F.);
#1074=ORIENTED_EDGE('',*,*,#803,.T.);
#1075=ORIENTED_EDGE('',*,*,#804,.T.);
#1076=ORIENTED_EDGE('',*,*,#805,.T.);
#1077=ORIENTED_EDGE('',*,*,#806,.T.);
#1078=ORIENTED_EDGE('',*,*,#807,.T.);
#1079=ORIENTED_EDGE('',*,*,#808,.T.);
#1080=ORIENTED_EDGE('',*,*,#803,.F.);
#1081=ORIENTED_EDGE('',*,*,#809,.T.);
#1082=ORIENTED_EDGE('',*,*,#810,.T.);
#1083=ORIENTED_EDGE('',*,*,#811,.T.);
#1084=ORIENTED_EDGE('',*,*,#807,.F.);
#1085=ORIENTED_EDGE('',*,*,#812,.T.);
#1086=ORIENTED_EDGE('',*,*,#813,.T.);
#1087=ORIENTED_EDGE('',*,*,#814,.T.);
#1088=ORIENTED_EDGE('',*,*,#810,.F.);
#1089=ORIENTED_EDGE('',*,*,#815,.T.);
#1090=ORIENTED_EDGE('',*,*,#816,.T.);
#1091=ORIENTED_EDGE('',*,*,#817,.T.);
#1092=ORIENTED_EDGE('',*,*,#813,.F.);
#1093=ORIENTED_EDGE('',*,*,#818,.T.);
#1094=ORIENTED_EDGE('',*,*,#819,.T.);
#1095=ORIENTED_EDGE('',*,*,#820,.T.);
#1096=ORIENTED_EDGE('',*,*,#816,.F.);
#1097=ORIENTED_EDGE('',*,*,#821,.T.);
#1098=ORIENTED_EDGE('',*,*,#822,.T.);
#1099=ORIENTED_EDGE('',*,*,#823,.T.);
#1100=ORIENTED_EDGE('',*,*,#819,.F.);
#1101=ORIENTED_EDGE('',*,*,#824,.T.);
#1102=ORIENTED_EDGE('',*,*,#805,.F.);
#1103=ORIENTED_EDGE('',*,*,#825,.T.);
#1104=ORIENTED_EDGE('',*,*,#822,.F.);
#1105=ORIENTED_EDGE('',*,*,#826,.T.);
#1106=ORIENTED_EDGE('',*,*,#815,.F.);
#1107=ORIENTED_EDGE('',*,*,#827,.T.);
#1108=ORIENTED_EDGE('',*,*,#828,.F.);
#1109=ORIENTED_EDGE('',*,*,#829,.F.);
#1110=ORIENTED_EDGE('',*,*,#812,.F.);
#1111=ORIENTED_EDGE('',*,*,#830,.T.);
#1112=ORIENTED_EDGE('',*,*,#831,.F.);
#1113=ORIENTED_EDGE('',*,*,#827,.F.);
#1114=ORIENTED_EDGE('',*,*,#809,.F.);
#1115=ORIENTED_EDGE('',*,*,#832,.T.);
#1116=ORIENTED_EDGE('',*,*,#833,.F.);
#1117=ORIENTED_EDGE('',*,*,#830,.F.);
#1118=ORIENTED_EDGE('',*,*,#806,.F.);
#1119=ORIENTED_EDGE('',*,*,#834,.T.);
#1120=ORIENTED_EDGE('',*,*,#835,.F.);
#1121=ORIENTED_EDGE('',*,*,#832,.F.);
#1122=ORIENTED_EDGE('',*,*,#804,.F.);
#1123=ORIENTED_EDGE('',*,*,#808,.F.);
#1124=ORIENTED_EDGE('',*,*,#811,.F.);
#1125=ORIENTED_EDGE('',*,*,#814,.F.);
#1126=ORIENTED_EDGE('',*,*,#817,.F.);
#1127=ORIENTED_EDGE('',*,*,#820,.F.);
#1128=ORIENTED_EDGE('',*,*,#823,.F.);
#1129=ORIENTED_EDGE('',*,*,#825,.F.);
#1130=ORIENTED_EDGE('',*,*,#818,.F.);
#1131=ORIENTED_EDGE('',*,*,#829,.T.);
#1132=ORIENTED_EDGE('',*,*,#836,.F.);
#1133=ORIENTED_EDGE('',*,*,#837,.F.);
#1134=ORIENTED_EDGE('',*,*,#821,.F.);
#1135=ORIENTED_EDGE('',*,*,#837,.T.);
#1136=ORIENTED_EDGE('',*,*,#838,.F.);
#1137=ORIENTED_EDGE('',*,*,#839,.F.);
#1138=ORIENTED_EDGE('',*,*,#840,.F.);
#1139=ORIENTED_EDGE('',*,*,#841,.T.);
#1140=ORIENTED_EDGE('',*,*,#842,.F.);
#1141=ORIENTED_EDGE('',*,*,#843,.F.);
#1142=ORIENTED_EDGE('',*,*,#713,.T.);
#1143=ORIENTED_EDGE('',*,*,#729,.T.);
#1144=ORIENTED_EDGE('',*,*,#726,.T.);
#1145=ORIENTED_EDGE('',*,*,#723,.T.);
#1146=ORIENTED_EDGE('',*,*,#720,.T.);
#1147=ORIENTED_EDGE('',*,*,#717,.T.);
#1148=ORIENTED_EDGE('',*,*,#844,.F.);
#1149=ORIENTED_EDGE('',*,*,#845,.T.);
#1150=ORIENTED_EDGE('',*,*,#846,.F.);
#1151=ORIENTED_EDGE('',*,*,#841,.F.);
#1152=ORIENTED_EDGE('',*,*,#847,.F.);
#1153=ORIENTED_EDGE('',*,*,#848,.T.);
#1154=ORIENTED_EDGE('',*,*,#849,.F.);
#1155=ORIENTED_EDGE('',*,*,#845,.F.);
#1156=ORIENTED_EDGE('',*,*,#767,.T.);
#1157=ORIENTED_EDGE('',*,*,#783,.T.);
#1158=ORIENTED_EDGE('',*,*,#780,.T.);
#1159=ORIENTED_EDGE('',*,*,#777,.T.);
#1160=ORIENTED_EDGE('',*,*,#774,.T.);
#1161=ORIENTED_EDGE('',*,*,#771,.T.);
#1162=ORIENTED_EDGE('',*,*,#785,.T.);
#1163=ORIENTED_EDGE('',*,*,#801,.T.);
#1164=ORIENTED_EDGE('',*,*,#798,.T.);
#1165=ORIENTED_EDGE('',*,*,#795,.T.);
#1166=ORIENTED_EDGE('',*,*,#792,.T.);
#1167=ORIENTED_EDGE('',*,*,#789,.T.);
#1168=ORIENTED_EDGE('',*,*,#850,.F.);
#1169=ORIENTED_EDGE('',*,*,#851,.T.);
#1170=ORIENTED_EDGE('',*,*,#852,.F.);
#1171=ORIENTED_EDGE('',*,*,#853,.F.);
#1172=ORIENTED_EDGE('',*,*,#731,.T.);
#1173=ORIENTED_EDGE('',*,*,#735,.T.);
#1174=ORIENTED_EDGE('',*,*,#738,.T.);
#1175=ORIENTED_EDGE('',*,*,#741,.T.);
#1176=ORIENTED_EDGE('',*,*,#744,.T.);
#1177=ORIENTED_EDGE('',*,*,#747,.T.);
#1178=ORIENTED_EDGE('',*,*,#749,.T.);
#1179=ORIENTED_EDGE('',*,*,#753,.T.);
#1180=ORIENTED_EDGE('',*,*,#756,.T.);
#1181=ORIENTED_EDGE('',*,*,#759,.T.);
#1182=ORIENTED_EDGE('',*,*,#762,.T.);
#1183=ORIENTED_EDGE('',*,*,#765,.T.);
#1184=ORIENTED_EDGE('',*,*,#854,.F.);
#1185=ORIENTED_EDGE('',*,*,#843,.T.);
#1186=ORIENTED_EDGE('',*,*,#855,.F.);
#1187=ORIENTED_EDGE('',*,*,#851,.F.);
#1188=ORIENTED_EDGE('',*,*,#854,.T.);
#1189=ORIENTED_EDGE('',*,*,#850,.T.);
#1190=ORIENTED_EDGE('',*,*,#856,.T.);
#1191=ORIENTED_EDGE('',*,*,#857,.T.);
#1192=ORIENTED_EDGE('',*,*,#858,.T.);
#1193=ORIENTED_EDGE('',*,*,#847,.T.);
#1194=ORIENTED_EDGE('',*,*,#844,.T.);
#1195=ORIENTED_EDGE('',*,*,#840,.T.);
#1196=ORIENTED_EDGE('',*,*,#824,.F.);
#1197=ORIENTED_EDGE('',*,*,#839,.T.);
#1198=ORIENTED_EDGE('',*,*,#859,.F.);
#1199=ORIENTED_EDGE('',*,*,#860,.F.);
#1200=ORIENTED_EDGE('',*,*,#826,.F.);
#1201=ORIENTED_EDGE('',*,*,#860,.T.);
#1202=ORIENTED_EDGE('',*,*,#861,.F.);
#1203=ORIENTED_EDGE('',*,*,#834,.F.);
#1204=ORIENTED_EDGE('',*,*,#858,.F.);
#1205=ORIENTED_EDGE('',*,*,#862,.T.);
#1206=ORIENTED_EDGE('',*,*,#863,.F.);
#1207=ORIENTED_EDGE('',*,*,#848,.F.);
#1208=ORIENTED_EDGE('',*,*,#857,.F.);
#1209=ORIENTED_EDGE('',*,*,#864,.T.);
#1210=ORIENTED_EDGE('',*,*,#865,.F.);
#1211=ORIENTED_EDGE('',*,*,#862,.F.);
#1212=ORIENTED_EDGE('',*,*,#695,.T.);
#1213=ORIENTED_EDGE('',*,*,#711,.T.);
#1214=ORIENTED_EDGE('',*,*,#708,.T.);
#1215=ORIENTED_EDGE('',*,*,#705,.T.);
#1216=ORIENTED_EDGE('',*,*,#702,.T.);
#1217=ORIENTED_EDGE('',*,*,#699,.T.);
#1218=ORIENTED_EDGE('',*,*,#856,.F.);
#1219=ORIENTED_EDGE('',*,*,#853,.T.);
#1220=ORIENTED_EDGE('',*,*,#866,.F.);
#1221=ORIENTED_EDGE('',*,*,#864,.F.);
#1222=ORIENTED_EDGE('',*,*,#836,.T.);
#1223=ORIENTED_EDGE('',*,*,#828,.T.);
#1224=ORIENTED_EDGE('',*,*,#831,.T.);
#1225=ORIENTED_EDGE('',*,*,#833,.T.);
#1226=ORIENTED_EDGE('',*,*,#835,.T.);
#1227=ORIENTED_EDGE('',*,*,#861,.T.);
#1228=ORIENTED_EDGE('',*,*,#859,.T.);
#1229=ORIENTED_EDGE('',*,*,#838,.T.);
#1230=ORIENTED_EDGE('',*,*,#849,.T.);
#1231=ORIENTED_EDGE('',*,*,#863,.T.);
#1232=ORIENTED_EDGE('',*,*,#865,.T.);
#1233=ORIENTED_EDGE('',*,*,#866,.T.);
#1234=ORIENTED_EDGE('',*,*,#852,.T.);
#1235=ORIENTED_EDGE('',*,*,#855,.T.);
#1236=ORIENTED_EDGE('',*,*,#842,.T.);
#1237=ORIENTED_EDGE('',*,*,#846,.T.);
#1238=ORIENTED_EDGE('',*,*,#867,.F.);
#1239=ORIENTED_EDGE('',*,*,#868,.T.);
#1240=ORIENTED_EDGE('',*,*,#869,.T.);
#1241=ORIENTED_EDGE('',*,*,#867,.T.);
#1242=ORIENTED_EDGE('',*,*,#869,.F.);
#1243=ORIENTED_EDGE('',*,*,#868,.F.);
#1244=ORIENTED_EDGE('',*,*,#870,.F.);
#1245=ORIENTED_EDGE('',*,*,#871,.T.);
#1246=ORIENTED_EDGE('',*,*,#872,.T.);
#1247=ORIENTED_EDGE('',*,*,#870,.T.);
#1248=ORIENTED_EDGE('',*,*,#872,.F.);
#1249=ORIENTED_EDGE('',*,*,#871,.F.);
#1250=ORIENTED_EDGE('',*,*,#873,.F.);
#1251=ORIENTED_EDGE('',*,*,#874,.T.);
#1252=ORIENTED_EDGE('',*,*,#875,.T.);
#1253=ORIENTED_EDGE('',*,*,#873,.T.);
#1254=ORIENTED_EDGE('',*,*,#875,.F.);
#1255=ORIENTED_EDGE('',*,*,#874,.F.);
#1256=PLANE('',#1421);
#1257=PLANE('',#1425);
#1258=PLANE('',#1426);
#1259=PLANE('',#1430);
#1260=PLANE('',#1431);
#1261=PLANE('',#1435);
#1262=PLANE('',#1436);
#1263=PLANE('',#1437);
#1264=PLANE('',#1441);
#1265=PLANE('',#1442);
#1266=PLANE('',#1446);
#1267=PLANE('',#1447);
#1268=PLANE('',#1448);
#1269=PLANE('',#1452);
#1270=PLANE('',#1453);
#1271=PLANE('',#1457);
#1272=PLANE('',#1461);
#1273=PLANE('',#1462);
#1274=PLANE('',#1466);
#1275=PLANE('',#1467);
#1276=PLANE('',#1468);
#1277=PLANE('',#1472);
#1278=PLANE('',#1473);
#1279=PLANE('',#1477);
#1280=PLANE('',#1478);
#1281=PLANE('',#1479);
#1282=PLANE('',#1483);
#1283=PLANE('',#1484);
#1284=PLANE('',#1488);
#1285=PLANE('',#1489);
#1286=PLANE('',#1490);
#1287=PLANE('',#1494);
#1288=PLANE('',#1495);
#1289=PLANE('',#1499);
#1290=PLANE('',#1500);
#1291=PLANE('',#1501);
#1292=PLANE('',#1502);
#1293=PLANE('',#1506);
#1294=PLANE('',#1510);
#1295=PLANE('',#1514);
#1296=PLANE('',#1520);
#1297=PLANE('',#1523);
#1298=PLANE('',#1524);
#1299=PLANE('',#1525);
#1300=PLANE('',#1528);
#1301=PLANE('',#1532);
#1302=PLANE('',#1533);
#1303=PLANE('',#1537);
#1304=PLANE('',#1540);
#1305=PLANE('',#1545);
#1306=PLANE('',#1548);
#1307=PLANE('',#1549);
#1308=PLANE('',#1553);
#1309=PLANE('',#1554);
#1310=PLANE('',#1558);
#1311=PLANE('',#1559);
#1312=PLANE('',#1563);
#1313=ADVANCED_FACE('',(#325),#1256,.T.);
#1314=ADVANCED_FACE('',(#326),#299,.F.);
#1315=ADVANCED_FACE('',(#327),#1257,.F.);
#1316=ADVANCED_FACE('',(#328),#1258,.T.);
#1317=ADVANCED_FACE('',(#329),#300,.F.);
#1318=ADVANCED_FACE('',(#330),#1259,.F.);
#1319=ADVANCED_FACE('',(#331),#1260,.T.);
#1320=ADVANCED_FACE('',(#332),#301,.F.);
#1321=ADVANCED_FACE('',(#333),#1261,.F.);
#1322=ADVANCED_FACE('',(#334),#1262,.F.);
#1323=ADVANCED_FACE('',(#335),#1263,.F.);
#1324=ADVANCED_FACE('',(#336),#302,.F.);
#1325=ADVANCED_FACE('',(#337),#1264,.F.);
#1326=ADVANCED_FACE('',(#338),#1265,.F.);
#1327=ADVANCED_FACE('',(#339),#303,.F.);
#1328=ADVANCED_FACE('',(#340),#1266,.T.);
#1329=ADVANCED_FACE('',(#341),#1267,.F.);
#1330=ADVANCED_FACE('',(#342),#1268,.F.);
#1331=ADVANCED_FACE('',(#343),#304,.F.);
#1332=ADVANCED_FACE('',(#344),#1269,.F.);
#1333=ADVANCED_FACE('',(#345),#1270,.F.);
#1334=ADVANCED_FACE('',(#346),#305,.F.);
#1335=ADVANCED_FACE('',(#347),#1271,.T.);
#1336=ADVANCED_FACE('',(#348),#306,.F.);
#1337=ADVANCED_FACE('',(#349),#1272,.T.);
#1338=ADVANCED_FACE('',(#350),#1273,.T.);
#1339=ADVANCED_FACE('',(#351),#307,.F.);
#1340=ADVANCED_FACE('',(#352),#1274,.T.);
#1341=ADVANCED_FACE('',(#353),#1275,.T.);
#1342=ADVANCED_FACE('',(#354),#1276,.F.);
#1343=ADVANCED_FACE('',(#355),#308,.F.);
#1344=ADVANCED_FACE('',(#356),#1277,.T.);
#1345=ADVANCED_FACE('',(#357),#1278,.T.);
#1346=ADVANCED_FACE('',(#358),#309,.F.);
#1347=ADVANCED_FACE('',(#359),#1279,.T.);
#1348=ADVANCED_FACE('',(#360),#1280,.T.);
#1349=ADVANCED_FACE('',(#361),#1281,.F.);
#1350=ADVANCED_FACE('',(#362),#310,.F.);
#1351=ADVANCED_FACE('',(#363),#1282,.F.);
#1352=ADVANCED_FACE('',(#364),#1283,.F.);
#1353=ADVANCED_FACE('',(#365),#311,.F.);
#1354=ADVANCED_FACE('',(#366),#1284,.F.);
#1355=ADVANCED_FACE('',(#367),#1285,.F.);
#1356=ADVANCED_FACE('',(#368),#1286,.T.);
#1357=ADVANCED_FACE('',(#369),#312,.F.);
#1358=ADVANCED_FACE('',(#370),#1287,.F.);
#1359=ADVANCED_FACE('',(#371),#1288,.F.);
#1360=ADVANCED_FACE('',(#372),#313,.F.);
#1361=ADVANCED_FACE('',(#373),#1289,.F.);
#1362=ADVANCED_FACE('',(#374),#1290,.F.);
#1363=ADVANCED_FACE('',(#375),#1291,.T.);
#1364=ADVANCED_FACE('',(#376),#1292,.T.);
#1365=ADVANCED_FACE('',(#377),#21,.T.);
#1366=ADVANCED_FACE('',(#378),#1293,.T.);
#1367=ADVANCED_FACE('',(#379),#22,.T.);
#1368=ADVANCED_FACE('',(#380),#1294,.T.);
#1369=ADVANCED_FACE('',(#381),#23,.T.);
#1370=ADVANCED_FACE('',(#382),#1295,.T.);
#1371=ADVANCED_FACE('',(#383),#24,.T.);
#1372=ADVANCED_FACE('',(#384),#314,.T.);
#1373=ADVANCED_FACE('',(#385),#1296,.T.);
#1374=ADVANCED_FACE('',(#386),#315,.T.);
#1375=ADVANCED_FACE('',(#387),#1297,.T.);
#1376=ADVANCED_FACE('',(#388),#1298,.F.);
#1377=ADVANCED_FACE('',(#389),#1299,.T.);
#1378=ADVANCED_FACE('',(#390),#316,.T.);
#1379=ADVANCED_FACE('',(#391,#14),#1300,.F.);
#1380=ADVANCED_FACE('',(#392),#317,.F.);
#1381=ADVANCED_FACE('',(#393,#15,#16),#1301,.F.);
#1382=ADVANCED_FACE('',(#394,#17,#18),#1302,.F.);
#1383=ADVANCED_FACE('',(#395),#318,.F.);
#1384=ADVANCED_FACE('',(#396),#1303,.T.);
#1385=ADVANCED_FACE('',(#397),#1304,.T.);
#1386=ADVANCED_FACE('',(#398),#319,.T.);
#1387=ADVANCED_FACE('',(#399),#320,.F.);
#1388=ADVANCED_FACE('',(#400,#19),#1305,.F.);
#1389=ADVANCED_FACE('',(#401),#321,.F.);
#1390=ADVANCED_FACE('',(#402,#20),#1306,.T.);
#1391=ADVANCED_FACE('',(#403),#1307,.T.);
#1392=ADVANCED_FACE('',(#404),#322,.F.);
#1393=ADVANCED_FACE('',(#405),#1308,.F.);
#1394=ADVANCED_FACE('',(#406),#1309,.T.);
#1395=ADVANCED_FACE('',(#407),#323,.F.);
#1396=ADVANCED_FACE('',(#408),#1310,.F.);
#1397=ADVANCED_FACE('',(#409),#1311,.T.);
#1398=ADVANCED_FACE('',(#410),#324,.F.);
#1399=ADVANCED_FACE('',(#411),#1312,.F.);
#1400=CLOSED_SHELL('',(#1313,#1314,#1315));
#1401=CLOSED_SHELL('',(#1316,#1317,#1318));
#1402=CLOSED_SHELL('',(#1319,#1320,#1321));
#1403=CLOSED_SHELL('',(#1322,#1323,#1324,#1325,#1326,#1327,#1328,#1329,
#1330,#1331,#1332,#1333,#1334,#1335,#1336,#1337,#1338,#1339,#1340,#1341,
#1342,#1343,#1344,#1345,#1346,#1347,#1348,#1349,#1350,#1351,#1352,#1353,
#1354,#1355,#1356,#1357,#1358,#1359,#1360,#1361,#1362,#1363,#1364,#1365,
#1366,#1367,#1368,#1369,#1370,#1371,#1372,#1373,#1374,#1375,#1376,#1377,
#1378,#1379,#1380,#1381,#1382,#1383,#1384,#1385,#1386,#1387,#1388,#1389,
#1390));
#1404=CLOSED_SHELL('',(#1391,#1392,#1393));
#1405=CLOSED_SHELL('',(#1394,#1395,#1396));
#1406=CLOSED_SHELL('',(#1397,#1398,#1399));
#1407=BREP_WITH_VOIDS('Body9',#1403,(#25,#26,#27,#28,#29,#30));
#1408=DERIVED_UNIT_ELEMENT(#1410,1.);
#1409=DERIVED_UNIT_ELEMENT(#2393,-3.);
#1410=(
MASS_UNIT()
NAMED_UNIT(*)
SI_UNIT(.KILO.,.GRAM.)
);
#1411=DERIVED_UNIT((#1408,#1409));
#1412=MEASURE_REPRESENTATION_ITEM('density measure',
POSITIVE_RATIO_MEASURE(7850.),#1411);
#1413=PROPERTY_DEFINITION_REPRESENTATION(#1418,#1415);
#1414=PROPERTY_DEFINITION_REPRESENTATION(#1419,#1416);
#1415=REPRESENTATION('material name',(#1417),#2390);
#1416=REPRESENTATION('density',(#1412),#2390);
#1417=DESCRIPTIVE_REPRESENTATION_ITEM('Steel','Steel');
#1418=PROPERTY_DEFINITION('material property','material name',#2400);
#1419=PROPERTY_DEFINITION('material property','density of part',#2400);
#1420=AXIS2_PLACEMENT_3D('',#1986,#1564,#1565);
#1421=AXIS2_PLACEMENT_3D('',#1987,#1566,#1567);
#1422=AXIS2_PLACEMENT_3D('',#1989,#1568,#1569);
#1423=AXIS2_PLACEMENT_3D('',#1990,#1570,#1571);
#1424=AXIS2_PLACEMENT_3D('',#1992,#1572,#1573);
#1425=AXIS2_PLACEMENT_3D('',#1994,#1575,#1576);
#1426=AXIS2_PLACEMENT_3D('',#1995,#1577,#1578);
#1427=AXIS2_PLACEMENT_3D('',#1997,#1579,#1580);
#1428=AXIS2_PLACEMENT_3D('',#1998,#1581,#1582);
#1429=AXIS2_PLACEMENT_3D('',#2000,#1583,#1584);
#1430=AXIS2_PLACEMENT_3D('',#2002,#1586,#1587);
#1431=AXIS2_PLACEMENT_3D('',#2003,#1588,#1589);
#1432=AXIS2_PLACEMENT_3D('',#2005,#1590,#1591);
#1433=AXIS2_PLACEMENT_3D('',#2006,#1592,#1593);
#1434=AXIS2_PLACEMENT_3D('',#2008,#1594,#1595);
#1435=AXIS2_PLACEMENT_3D('',#2010,#1597,#1598);
#1436=AXIS2_PLACEMENT_3D('',#2011,#1599,#1600);
#1437=AXIS2_PLACEMENT_3D('',#2020,#1605,#1606);
#1438=AXIS2_PLACEMENT_3D('',#2026,#1610,#1611);
#1439=AXIS2_PLACEMENT_3D('',#2028,#1612,#1613);
#1440=AXIS2_PLACEMENT_3D('',#2031,#1615,#1616);
#1441=AXIS2_PLACEMENT_3D('',#2032,#1617,#1618);
#1442=AXIS2_PLACEMENT_3D('',#2038,#1622,#1623);
#1443=AXIS2_PLACEMENT_3D('',#2044,#1627,#1628);
#1444=AXIS2_PLACEMENT_3D('',#2045,#1629,#1630);
#1445=AXIS2_PLACEMENT_3D('',#2046,#1631,#1632);
#1446=AXIS2_PLACEMENT_3D('',#2047,#1633,#1634);
#1447=AXIS2_PLACEMENT_3D('',#2048,#1635,#1636);
#1448=AXIS2_PLACEMENT_3D('',#2057,#1641,#1642);
#1449=AXIS2_PLACEMENT_3D('',#2063,#1646,#1647);
#1450=AXIS2_PLACEMENT_3D('',#2065,#1648,#1649);
#1451=AXIS2_PLACEMENT_3D('',#2068,#1651,#1652);
#1452=AXIS2_PLACEMENT_3D('',#2069,#1653,#1654);
#1453=AXIS2_PLACEMENT_3D('',#2075,#1658,#1659);
#1454=AXIS2_PLACEMENT_3D('',#2081,#1663,#1664);
#1455=AXIS2_PLACEMENT_3D('',#2082,#1665,#1666);
#1456=AXIS2_PLACEMENT_3D('',#2083,#1667,#1668);
#1457=AXIS2_PLACEMENT_3D('',#2084,#1669,#1670);
#1458=AXIS2_PLACEMENT_3D('',#2085,#1671,#1672);
#1459=AXIS2_PLACEMENT_3D('',#2088,#1673,#1674);
#1460=AXIS2_PLACEMENT_3D('',#2092,#1676,#1677);
#1461=AXIS2_PLACEMENT_3D('',#2094,#1679,#1680);
#1462=AXIS2_PLACEMENT_3D('',#2100,#1684,#1685);
#1463=AXIS2_PLACEMENT_3D('',#2106,#1689,#1690);
#1464=AXIS2_PLACEMENT_3D('',#2108,#1691,#1692);
#1465=AXIS2_PLACEMENT_3D('',#2110,#1693,#1694);
#1466=AXIS2_PLACEMENT_3D('',#2112,#1696,#1697);
#1467=AXIS2_PLACEMENT_3D('',#2118,#1701,#1702);
#1468=AXIS2_PLACEMENT_3D('',#2121,#1705,#1706);
#1469=AXIS2_PLACEMENT_3D('',#2122,#1707,#1708);
#1470=AXIS2_PLACEMENT_3D('',#2125,#1709,#1710);
#1471=AXIS2_PLACEMENT_3D('',#2129,#1712,#1713);
#1472=AXIS2_PLACEMENT_3D('',#2131,#1715,#1716);
#1473=AXIS2_PLACEMENT_3D('',#2137,#1720,#1721);
#1474=AXIS2_PLACEMENT_3D('',#2143,#1725,#1726);
#1475=AXIS2_PLACEMENT_3D('',#2145,#1727,#1728);
#1476=AXIS2_PLACEMENT_3D('',#2147,#1729,#1730);
#1477=AXIS2_PLACEMENT_3D('',#2149,#1732,#1733);
#1478=AXIS2_PLACEMENT_3D('',#2155,#1737,#1738);
#1479=AXIS2_PLACEMENT_3D('',#2158,#1741,#1742);
#1480=AXIS2_PLACEMENT_3D('',#2159,#1743,#1744);
#1481=AXIS2_PLACEMENT_3D('',#2162,#1745,#1746);
#1482=AXIS2_PLACEMENT_3D('',#2166,#1748,#1749);
#1483=AXIS2_PLACEMENT_3D('',#2168,#1751,#1752);
#1484=AXIS2_PLACEMENT_3D('',#2174,#1756,#1757);
#1485=AXIS2_PLACEMENT_3D('',#2180,#1761,#1762);
#1486=AXIS2_PLACEMENT_3D('',#2182,#1763,#1764);
#1487=AXIS2_PLACEMENT_3D('',#2185,#1766,#1767);
#1488=AXIS2_PLACEMENT_3D('',#2186,#1768,#1769);
#1489=AXIS2_PLACEMENT_3D('',#2192,#1773,#1774);
#1490=AXIS2_PLACEMENT_3D('',#2195,#1777,#1778);
#1491=AXIS2_PLACEMENT_3D('',#2196,#1779,#1780);
#1492=AXIS2_PLACEMENT_3D('',#2199,#1781,#1782);
#1493=AXIS2_PLACEMENT_3D('',#2203,#1784,#1785);
#1494=AXIS2_PLACEMENT_3D('',#2205,#1787,#1788);
#1495=AXIS2_PLACEMENT_3D('',#2211,#1792,#1793);
#1496=AXIS2_PLACEMENT_3D('',#2217,#1797,#1798);
#1497=AXIS2_PLACEMENT_3D('',#2219,#1799,#1800);
#1498=AXIS2_PLACEMENT_3D('',#2222,#1802,#1803);
#1499=AXIS2_PLACEMENT_3D('',#2223,#1804,#1805);
#1500=AXIS2_PLACEMENT_3D('',#2229,#1809,#1810);
#1501=AXIS2_PLACEMENT_3D('',#2232,#1813,#1814);
#1502=AXIS2_PLACEMENT_3D('',#2233,#1815,#1816);
#1503=AXIS2_PLACEMENT_3D('',#2242,#1821,#1822);
#1504=AXIS2_PLACEMENT_3D('',#2246,#1824,#1825);
#1505=AXIS2_PLACEMENT_3D('',#2247,#1826,#1827);
#1506=AXIS2_PLACEMENT_3D('',#2248,#1828,#1829);
#1507=AXIS2_PLACEMENT_3D('',#2254,#1833,#1834);
#1508=AXIS2_PLACEMENT_3D('',#2258,#1836,#1837);
#1509=AXIS2_PLACEMENT_3D('',#2259,#1838,#1839);
#1510=AXIS2_PLACEMENT_3D('',#2260,#1840,#1841);
#1511=AXIS2_PLACEMENT_3D('',#2266,#1845,#1846);
#1512=AXIS2_PLACEMENT_3D('',#2270,#1848,#1849);
#1513=AXIS2_PLACEMENT_3D('',#2271,#1850,#1851);
#1514=AXIS2_PLACEMENT_3D('',#2272,#1852,#1853);
#1515=AXIS2_PLACEMENT_3D('',#2278,#1857,#1858);
#1516=AXIS2_PLACEMENT_3D('',#2279,#1859,#1860);
#1517=AXIS2_PLACEMENT_3D('',#2280,#1861,#1862);
#1518=AXIS2_PLACEMENT_3D('',#2281,#1863,#1864);
#1519=AXIS2_PLACEMENT_3D('',#2285,#1866,#1867);
#1520=AXIS2_PLACEMENT_3D('',#2287,#1869,#1870);
#1521=AXIS2_PLACEMENT_3D('',#2291,#1873,#1874);
#1522=AXIS2_PLACEMENT_3D('',#2294,#1876,#1877);
#1523=AXIS2_PLACEMENT_3D('',#2295,#1878,#1879);
#1524=AXIS2_PLACEMENT_3D('',#2299,#1882,#1883);
#1525=AXIS2_PLACEMENT_3D('',#2300,#1884,#1885);
#1526=AXIS2_PLACEMENT_3D('',#2304,#1888,#1889);
#1527=AXIS2_PLACEMENT_3D('',#2306,#1890,#1891);
#1528=AXIS2_PLACEMENT_3D('',#2308,#1893,#1894);
#1529=AXIS2_PLACEMENT_3D('',#2317,#1899,#1900);
#1530=AXIS2_PLACEMENT_3D('',#2319,#1901,#1902);
#1531=AXIS2_PLACEMENT_3D('',#2322,#1904,#1905);
#1532=AXIS2_PLACEMENT_3D('',#2323,#1906,#1907);
#1533=AXIS2_PLACEMENT_3D('',#2329,#1911,#1912);
#1534=AXIS2_PLACEMENT_3D('',#2338,#1917,#1918);
#1535=AXIS2_PLACEMENT_3D('',#2339,#1919,#1920);
#1536=AXIS2_PLACEMENT_3D('',#2340,#1921,#1922);
#1537=AXIS2_PLACEMENT_3D('',#2341,#1923,#1924);
#1538=AXIS2_PLACEMENT_3D('',#2343,#1925,#1926);
#1539=AXIS2_PLACEMENT_3D('',#2346,#1928,#1929);
#1540=AXIS2_PLACEMENT_3D('',#2347,#1930,#1931);
#1541=AXIS2_PLACEMENT_3D('',#2351,#1934,#1935);
#1542=AXIS2_PLACEMENT_3D('',#2352,#1936,#1937);
#1543=AXIS2_PLACEMENT_3D('',#2353,#1938,#1939);
#1544=AXIS2_PLACEMENT_3D('',#2356,#1941,#1942);
#1545=AXIS2_PLACEMENT_3D('',#2357,#1943,#1944);
#1546=AXIS2_PLACEMENT_3D('',#2361,#1947,#1948);
#1547=AXIS2_PLACEMENT_3D('',#2362,#1949,#1950);
#1548=AXIS2_PLACEMENT_3D('',#2363,#1951,#1952);
#1549=AXIS2_PLACEMENT_3D('',#2364,#1953,#1954);
#1550=AXIS2_PLACEMENT_3D('',#2366,#1955,#1956);
#1551=AXIS2_PLACEMENT_3D('',#2367,#1957,#1958);
#1552=AXIS2_PLACEMENT_3D('',#2369,#1959,#1960);
#1553=AXIS2_PLACEMENT_3D('',#2371,#1962,#1963);
#1554=AXIS2_PLACEMENT_3D('',#2372,#1964,#1965);
#1555=AXIS2_PLACEMENT_3D('',#2374,#1966,#1967);
#1556=AXIS2_PLACEMENT_3D('',#2375,#1968,#1969);
#1557=AXIS2_PLACEMENT_3D('',#2377,#1970,#1971);
#1558=AXIS2_PLACEMENT_3D('',#2379,#1973,#1974);
#1559=AXIS2_PLACEMENT_3D('',#2380,#1975,#1976);
#1560=AXIS2_PLACEMENT_3D('',#2382,#1977,#1978);
#1561=AXIS2_PLACEMENT_3D('',#2383,#1979,#1980);
#1562=AXIS2_PLACEMENT_3D('',#2385,#1981,#1982);
#1563=AXIS2_PLACEMENT_3D('',#2387,#1984,#1985);
#1564=DIRECTION('axis',(0.,0.,1.));
#1565=DIRECTION('refdir',(1.,0.,0.));
#1566=DIRECTION('center_axis',(0.,-1.,0.));
#1567=DIRECTION('ref_axis',(-1.,0.,0.));
#1568=DIRECTION('center_axis',(0.,1.,0.));
#1569=DIRECTION('ref_axis',(1.,-1.83697019872103E-16,0.));
#1570=DIRECTION('center_axis',(1.83697019872103E-16,1.,0.));
#1571=DIRECTION('ref_axis',(1.,-1.83697019872103E-16,0.));
#1572=DIRECTION('center_axis',(-1.83697019872103E-16,-1.,0.));
#1573=DIRECTION('ref_axis',(1.,-1.83697019872103E-16,0.));
#1574=DIRECTION('',(1.83697019872103E-16,1.,0.));
#1575=DIRECTION('center_axis',(-1.83697019872103E-16,-1.,0.));
#1576=DIRECTION('ref_axis',(1.,-1.83697019872103E-16,0.));
#1577=DIRECTION('center_axis',(-1.,0.,0.));
#1578=DIRECTION('ref_axis',(0.,1.,0.));
#1579=DIRECTION('center_axis',(1.,0.,0.));
#1580=DIRECTION('ref_axis',(-1.22464679914735E-16,-1.,0.));
#1581=DIRECTION('center_axis',(1.,-1.22464679914735E-16,0.));
#1582=DIRECTION('ref_axis',(-1.22464679914735E-16,-1.,0.));
#1583=DIRECTION('center_axis',(-1.,1.22464679914735E-16,0.));
#1584=DIRECTION('ref_axis',(-1.22464679914735E-16,-1.,0.));
#1585=DIRECTION('',(1.,-1.22464679914735E-16,0.));
#1586=DIRECTION('center_axis',(-1.,1.22464679914735E-16,0.));
#1587=DIRECTION('ref_axis',(-1.22464679914735E-16,-1.,0.));
#1588=DIRECTION('center_axis',(0.,1.,0.));
#1589=DIRECTION('ref_axis',(1.,0.,0.));
#1590=DIRECTION('center_axis',(0.,-1.,0.));
#1591=DIRECTION('ref_axis',(-1.,6.12323399573677E-17,0.));
#1592=DIRECTION('center_axis',(-6.12323399573677E-17,-1.,0.));
#1593=DIRECTION('ref_axis',(-1.,6.12323399573677E-17,0.));
#1594=DIRECTION('center_axis',(6.12323399573677E-17,1.,0.));
#1595=DIRECTION('ref_axis',(-1.,6.12323399573677E-17,0.));
#1596=DIRECTION('',(-6.12323399573677E-17,-1.,0.));
#1597=DIRECTION('center_axis',(6.12323399573677E-17,1.,0.));
#1598=DIRECTION('ref_axis',(-1.,6.12323399573677E-17,0.));
#1599=DIRECTION('center_axis',(0.,0.64278760968654,-0.766044443118978));
#1600=DIRECTION('ref_axis',(0.,0.766044443118978,0.64278760968654));
#1601=DIRECTION('',(-1.06310022329606E-16,0.766044443118978,0.64278760968654));
#1602=DIRECTION('',(1.,0.,0.));
#1603=DIRECTION('',(0.,0.766044443118978,0.64278760968654));
#1604=DIRECTION('',(1.,0.,0.));
#1605=DIRECTION('center_axis',(0.,-0.642787609686539,-0.766044443118978));
#1606=DIRECTION('ref_axis',(0.,0.766044443118978,-0.642787609686539));
#1607=DIRECTION('',(-1.06310022329606E-16,0.766044443118978,-0.642787609686539));
#1608=DIRECTION('',(1.,0.,0.));
#1609=DIRECTION('',(0.,0.766044443118978,-0.642787609686539));
#1610=DIRECTION('center_axis',(1.,0.,0.));
#1611=DIRECTION('ref_axis',(0.,-0.642787609686538,-0.766044443118979));
#1612=DIRECTION('center_axis',(1.,1.38777878078145E-16,0.));
#1613=DIRECTION('ref_axis',(0.,-0.642787609686538,-0.766044443118979));
#1614=DIRECTION('',(1.,0.,0.));
#1615=DIRECTION('center_axis',(1.,0.,0.));
#1616=DIRECTION('ref_axis',(0.,-0.642787609686538,-0.766044443118979));
#1617=DIRECTION('center_axis',(0.,-0.642787609686539,0.766044443118978));
#1618=DIRECTION('ref_axis',(0.,-0.766044443118978,-0.642787609686539));
#1619=DIRECTION('',(1.06310022329606E-16,-0.766044443118978,-0.642787609686539));
#1620=DIRECTION('',(1.,0.,0.));
#1621=DIRECTION('',(0.,-0.766044443118978,-0.642787609686539));
#1622=DIRECTION('center_axis',(0.,0.642787609686539,0.766044443118978));
#1623=DIRECTION('ref_axis',(0.,-0.766044443118978,0.642787609686539));
#1624=DIRECTION('',(1.06310022329606E-16,-0.766044443118978,0.642787609686539));
#1625=DIRECTION('',(1.,0.,0.));
#1626=DIRECTION('',(0.,-0.766044443118978,0.642787609686539));
#1627=DIRECTION('center_axis',(1.,0.,0.));
#1628=DIRECTION('ref_axis',(0.,0.642787609686539,0.766044443118979));
#1629=DIRECTION('center_axis',(1.,1.38777878078145E-16,0.));
#1630=DIRECTION('ref_axis',(0.,0.642787609686539,0.766044443118979));
#1631=DIRECTION('center_axis',(1.,0.,0.));
#1632=DIRECTION('ref_axis',(0.,0.642787609686539,0.766044443118979));
#1633=DIRECTION('center_axis',(-1.,0.,0.));
#1634=DIRECTION('ref_axis',(0.,-1.,0.));
#1635=DIRECTION('center_axis',(0.,-0.64278760968654,-0.766044443118978));
#1636=DIRECTION('ref_axis',(0.,-0.766044443118978,0.64278760968654));
#1637=DIRECTION('',(0.,-0.766044443118978,0.64278760968654));
#1638=DIRECTION('',(-1.,0.,0.));
#1639=DIRECTION('',(0.,-0.766044443118978,0.64278760968654));
#1640=DIRECTION('',(-1.,0.,0.));
#1641=DIRECTION('center_axis',(0.,0.642787609686539,-0.766044443118978));
#1642=DIRECTION('ref_axis',(0.,-0.766044443118978,-0.642787609686539));
#1643=DIRECTION('',(0.,-0.766044443118978,-0.642787609686539));
#1644=DIRECTION('',(-1.,0.,0.));
#1645=DIRECTION('',(0.,-0.766044443118978,-0.642787609686539));
#1646=DIRECTION('center_axis',(-1.,0.,0.));
#1647=DIRECTION('ref_axis',(0.,0.642787609686538,-0.766044443118979));
#1648=DIRECTION('center_axis',(-1.,0.,0.));
#1649=DIRECTION('ref_axis',(0.,0.642787609686538,-0.766044443118979));
#1650=DIRECTION('',(-1.,0.,0.));
#1651=DIRECTION('center_axis',(-1.,0.,0.));
#1652=DIRECTION('ref_axis',(0.,0.642787609686538,-0.766044443118979));
#1653=DIRECTION('center_axis',(0.,0.642787609686539,0.766044443118978));
#1654=DIRECTION('ref_axis',(0.,0.766044443118978,-0.642787609686539));
#1655=DIRECTION('',(0.,0.766044443118978,-0.642787609686539));
#1656=DIRECTION('',(-1.,0.,0.));
#1657=DIRECTION('',(0.,0.766044443118978,-0.642787609686539));
#1658=DIRECTION('center_axis',(0.,-0.642787609686539,0.766044443118978));
#1659=DIRECTION('ref_axis',(0.,0.766044443118978,0.642787609686539));
#1660=DIRECTION('',(0.,0.766044443118978,0.642787609686539));
#1661=DIRECTION('',(-1.,0.,0.));
#1662=DIRECTION('',(0.,0.766044443118978,0.642787609686539));
#1663=DIRECTION('center_axis',(-1.,0.,0.));
#1664=DIRECTION('ref_axis',(0.,-0.642787609686539,0.766044443118979));
#1665=DIRECTION('center_axis',(-1.,0.,0.));
#1666=DIRECTION('ref_axis',(0.,-0.642787609686539,0.766044443118979));
#1667=DIRECTION('center_axis',(-1.,0.,0.));
#1668=DIRECTION('ref_axis',(0.,-0.642787609686539,0.766044443118979));
#1669=DIRECTION('center_axis',(1.,0.,0.));
#1670=DIRECTION('ref_axis',(0.,1.,0.));
#1671=DIRECTION('center_axis',(0.,1.,0.));
#1672=DIRECTION('ref_axis',(0.642787609686537,0.,-0.76604444311898));
#1673=DIRECTION('center_axis',(0.,-1.,0.));
#1674=DIRECTION('ref_axis',(0.642787609686537,0.,-0.76604444311898));
#1675=DIRECTION('',(0.,-1.,0.));
#1676=DIRECTION('center_axis',(0.,1.,0.));
#1677=DIRECTION('ref_axis',(0.642787609686537,0.,-0.76604444311898));
#1678=DIRECTION('',(0.,-1.,0.));
#1679=DIRECTION('center_axis',(-0.642787609686539,0.,-0.766044443118978));
#1680=DIRECTION('ref_axis',(0.766044443118978,0.,-0.642787609686539));
#1681=DIRECTION('',(-0.766044443118978,0.,0.642787609686539));
#1682=DIRECTION('',(0.766044443118978,0.,-0.642787609686539));
#1683=DIRECTION('',(0.,-1.,0.));
#1684=DIRECTION('center_axis',(0.642787609686541,0.,-0.766044443118977));
#1685=DIRECTION('ref_axis',(0.766044443118977,0.,0.642787609686541));
#1686=DIRECTION('',(-0.766044443118977,0.,-0.642787609686541));
#1687=DIRECTION('',(0.766044443118977,0.,0.642787609686541));
#1688=DIRECTION('',(0.,-1.,0.));
#1689=DIRECTION('center_axis',(0.,1.,0.));
#1690=DIRECTION('ref_axis',(-0.642787609686537,0.,0.76604444311898));
#1691=DIRECTION('center_axis',(0.,-1.,0.));
#1692=DIRECTION('ref_axis',(-0.642787609686537,0.,0.76604444311898));
#1693=DIRECTION('center_axis',(0.,1.,0.));
#1694=DIRECTION('ref_axis',(-0.642787609686537,0.,0.76604444311898));
#1695=DIRECTION('',(0.,-1.,0.));
#1696=DIRECTION('center_axis',(0.642787609686539,0.,0.766044443118978));
#1697=DIRECTION('ref_axis',(-0.766044443118978,0.,0.642787609686539));
#1698=DIRECTION('',(0.766044443118978,0.,-0.642787609686539));
#1699=DIRECTION('',(-0.766044443118978,0.,0.642787609686539));
#1700=DIRECTION('',(0.,-1.,0.));
#1701=DIRECTION('center_axis',(-0.642787609686541,0.,0.766044443118977));
#1702=DIRECTION('ref_axis',(-0.766044443118977,0.,-0.642787609686541));
#1703=DIRECTION('',(0.766044443118977,0.,0.642787609686541));
#1704=DIRECTION('',(-0.766044443118977,0.,-0.642787609686541));
#1705=DIRECTION('center_axis',(0.,-1.,0.));
#1706=DIRECTION('ref_axis',(1.,0.,0.));
#1707=DIRECTION('center_axis',(0.,1.,0.));
#1708=DIRECTION('ref_axis',(-0.642787609686538,0.,0.766044443118979));
#1709=DIRECTION('center_axis',(0.,-1.,0.));
#1710=DIRECTION('ref_axis',(-0.642787609686538,0.,0.766044443118979));
#1711=DIRECTION('',(0.,-1.,0.));
#1712=DIRECTION('center_axis',(0.,1.,0.));
#1713=DIRECTION('ref_axis',(-0.642787609686538,0.,0.766044443118979));
#1714=DIRECTION('',(0.,-1.,0.));
#1715=DIRECTION('center_axis',(0.642787609686539,0.,0.766044443118978));
#1716=DIRECTION('ref_axis',(-0.766044443118978,0.,0.642787609686539));
#1717=DIRECTION('',(0.766044443118978,0.,-0.642787609686539));
#1718=DIRECTION('',(-0.766044443118978,0.,0.642787609686539));
#1719=DIRECTION('',(0.,-1.,0.));
#1720=DIRECTION('center_axis',(-0.64278760968654,0.,0.766044443118978));
#1721=DIRECTION('ref_axis',(-0.766044443118978,0.,-0.64278760968654));
#1722=DIRECTION('',(0.766044443118978,0.,0.64278760968654));
#1723=DIRECTION('',(-0.766044443118978,0.,-0.642787609686539));
#1724=DIRECTION('',(0.,-1.,0.));
#1725=DIRECTION('center_axis',(0.,1.,0.));
#1726=DIRECTION('ref_axis',(0.642787609686538,0.,-0.766044443118979));
#1727=DIRECTION('center_axis',(0.,-1.,0.));
#1728=DIRECTION('ref_axis',(0.642787609686538,0.,-0.766044443118979));
#1729=DIRECTION('center_axis',(0.,1.,0.));
#1730=DIRECTION('ref_axis',(0.642787609686538,0.,-0.766044443118979));
#1731=DIRECTION('',(0.,-1.,0.));
#1732=DIRECTION('center_axis',(-0.642787609686539,0.,-0.766044443118978));
#1733=DIRECTION('ref_axis',(0.766044443118978,0.,-0.642787609686539));
#1734=DIRECTION('',(-0.766044443118978,0.,0.642787609686539));
#1735=DIRECTION('',(0.766044443118978,0.,-0.642787609686539));
#1736=DIRECTION('',(0.,-1.,0.));
#1737=DIRECTION('center_axis',(0.64278760968654,0.,-0.766044443118978));
#1738=DIRECTION('ref_axis',(0.766044443118978,0.,0.64278760968654));
#1739=DIRECTION('',(-0.766044443118978,0.,-0.64278760968654));
#1740=DIRECTION('',(0.766044443118978,0.,0.64278760968654));
#1741=DIRECTION('center_axis',(0.,-1.,0.));
#1742=DIRECTION('ref_axis',(1.,0.,0.));
#1743=DIRECTION('center_axis',(0.,1.,0.));
#1744=DIRECTION('ref_axis',(0.642787609686537,0.,-0.76604444311898));
#1745=DIRECTION('center_axis',(0.,1.,0.));
#1746=DIRECTION('ref_axis',(0.642787609686537,0.,-0.76604444311898));
#1747=DIRECTION('',(0.,1.,0.));
#1748=DIRECTION('center_axis',(0.,1.,0.));
#1749=DIRECTION('ref_axis',(0.642787609686537,0.,-0.76604444311898));
#1750=DIRECTION('',(0.,1.,0.));
#1751=DIRECTION('center_axis',(0.642787609686539,0.,0.766044443118978));
#1752=DIRECTION('ref_axis',(0.766044443118978,0.,-0.642787609686539));
#1753=DIRECTION('',(0.766044443118978,0.,-0.642787609686539));
#1754=DIRECTION('',(0.,1.,0.));
#1755=DIRECTION('',(0.766044443118978,0.,-0.642787609686539));
#1756=DIRECTION('center_axis',(-0.642787609686541,0.,0.766044443118977));
#1757=DIRECTION('ref_axis',(0.766044443118977,0.,0.642787609686541));
#1758=DIRECTION('',(0.766044443118977,0.,0.642787609686541));
#1759=DIRECTION('',(0.,1.,0.));
#1760=DIRECTION('',(0.766044443118977,0.,0.642787609686541));
#1761=DIRECTION('center_axis',(0.,1.,0.));
#1762=DIRECTION('ref_axis',(-0.642787609686537,0.,0.76604444311898));
#1763=DIRECTION('center_axis',(0.,1.,0.));
#1764=DIRECTION('ref_axis',(-0.642787609686537,0.,0.76604444311898));
#1765=DIRECTION('',(0.,1.,0.));
#1766=DIRECTION('center_axis',(0.,1.,0.));
#1767=DIRECTION('ref_axis',(-0.642787609686537,0.,0.76604444311898));
#1768=DIRECTION('center_axis',(-0.642787609686539,0.,-0.766044443118978));
#1769=DIRECTION('ref_axis',(-0.766044443118978,0.,0.642787609686539));
#1770=DIRECTION('',(-0.766044443118978,0.,0.642787609686539));
#1771=DIRECTION('',(0.,1.,0.));
#1772=DIRECTION('',(-0.766044443118978,0.,0.642787609686539));
#1773=DIRECTION('center_axis',(0.642787609686541,0.,-0.766044443118977));
#1774=DIRECTION('ref_axis',(-0.766044443118977,0.,-0.642787609686541));
#1775=DIRECTION('',(-0.766044443118977,0.,-0.642787609686541));
#1776=DIRECTION('',(-0.766044443118977,0.,-0.642787609686541));
#1777=DIRECTION('center_axis',(0.,-1.,0.));
#1778=DIRECTION('ref_axis',(1.,0.,0.));
#1779=DIRECTION('center_axis',(0.,1.,0.));
#1780=DIRECTION('ref_axis',(-0.642787609686538,0.,0.766044443118979));
#1781=DIRECTION('center_axis',(0.,1.,0.));
#1782=DIRECTION('ref_axis',(-0.642787609686538,0.,0.766044443118979));
#1783=DIRECTION('',(0.,1.,0.));
#1784=DIRECTION('center_axis',(0.,1.,0.));
#1785=DIRECTION('ref_axis',(-0.642787609686538,0.,0.766044443118979));
#1786=DIRECTION('',(0.,1.,0.));
#1787=DIRECTION('center_axis',(-0.642787609686539,0.,-0.766044443118978));
#1788=DIRECTION('ref_axis',(-0.766044443118978,0.,0.642787609686539));
#1789=DIRECTION('',(-0.766044443118978,0.,0.642787609686539));
#1790=DIRECTION('',(0.,1.,0.));
#1791=DIRECTION('',(-0.766044443118978,0.,0.642787609686539));
#1792=DIRECTION('center_axis',(0.64278760968654,0.,-0.766044443118978));
#1793=DIRECTION('ref_axis',(-0.766044443118978,0.,-0.64278760968654));
#1794=DIRECTION('',(-0.766044443118978,0.,-0.64278760968654));
#1795=DIRECTION('',(0.,1.,0.));
#1796=DIRECTION('',(-0.766044443118978,0.,-0.642787609686539));
#1797=DIRECTION('center_axis',(0.,1.,0.));
#1798=DIRECTION('ref_axis',(0.642787609686538,0.,-0.766044443118979));
#1799=DIRECTION('center_axis',(0.,1.,0.));
#1800=DIRECTION('ref_axis',(0.642787609686538,0.,-0.766044443118979));
#1801=DIRECTION('',(0.,1.,0.));
#1802=DIRECTION('center_axis',(0.,1.,0.));
#1803=DIRECTION('ref_axis',(0.642787609686538,0.,-0.766044443118979));
#1804=DIRECTION('center_axis',(0.642787609686539,0.,0.766044443118978));
#1805=DIRECTION('ref_axis',(0.766044443118978,0.,-0.642787609686539));
#1806=DIRECTION('',(0.766044443118978,0.,-0.642787609686539));
#1807=DIRECTION('',(0.,1.,0.));
#1808=DIRECTION('',(0.766044443118978,0.,-0.642787609686539));
#1809=DIRECTION('center_axis',(-0.64278760968654,0.,0.766044443118978));
#1810=DIRECTION('ref_axis',(0.766044443118978,0.,0.64278760968654));
#1811=DIRECTION('',(0.766044443118978,0.,0.64278760968654));
#1812=DIRECTION('',(0.766044443118978,0.,0.64278760968654));
#1813=DIRECTION('center_axis',(0.,-1.,0.));
#1814=DIRECTION('ref_axis',(1.,0.,0.));
#1815=DIRECTION('center_axis',(0.,0.707106781186546,-0.707106781186549));
#1816=DIRECTION('ref_axis',(-1.,0.,0.));
#1817=DIRECTION('',(0.,-0.707106781186548,-0.707106781186547));
#1818=DIRECTION('',(-1.,0.,0.));
#1819=DIRECTION('',(0.,0.707106781186549,0.707106781186546));
#1820=DIRECTION('',(1.,0.,0.));
#1821=DIRECTION('center_axis',(0.,0.,1.));
#1822=DIRECTION('ref_axis',(1.,-1.33226762955019E-15,0.));
#1823=DIRECTION('',(-0.707106781186552,1.57009245868376E-15,-0.707106781186542));
#1824=DIRECTION('center_axis',(0.,0.,1.));
#1825=DIRECTION('ref_axis',(1.,-1.33226762955019E-15,0.));
#1826=DIRECTION('center_axis',(0.,0.,-1.));
#1827=DIRECTION('ref_axis',(1.,-1.33226762955019E-15,0.));
#1828=DIRECTION('center_axis',(0.707106781186549,9.81307786677361E-17,-0.707106781186546));
#1829=DIRECTION('ref_axis',(-0.707106781186546,0.,-0.707106781186549));
#1830=DIRECTION('',(-0.707106781186546,0.,-0.707106781186549));
#1831=DIRECTION('',(-1.38777878078145E-16,1.,0.));
#1832=DIRECTION('',(1.38777878078145E-16,-1.,0.));
#1833=DIRECTION('center_axis',(0.,0.,1.));
#1834=DIRECTION('ref_axis',(0.,-1.,0.));
#1835=DIRECTION('',(0.,0.707106781186548,-0.707106781186547));
#1836=DIRECTION('center_axis',(0.,0.,1.));
#1837=DIRECTION('ref_axis',(0.,-1.,0.));
#1838=DIRECTION('center_axis',(0.,0.,-1.));
#1839=DIRECTION('ref_axis',(0.,-1.,0.));
#1840=DIRECTION('center_axis',(0.,-0.707106781186547,-0.707106781186548));
#1841=DIRECTION('ref_axis',(-1.,0.,0.));
#1842=DIRECTION('',(0.,0.707106781186548,-0.707106781186547));
#1843=DIRECTION('',(1.,0.,0.));
#1844=DIRECTION('',(-1.,0.,0.));
#1845=DIRECTION('center_axis',(0.,0.,1.));
#1846=DIRECTION('ref_axis',(-1.,0.,0.));
#1847=DIRECTION('',(0.707106781186548,0.,-0.707106781186547));
#1848=DIRECTION('center_axis',(0.,0.,1.));
#1849=DIRECTION('ref_axis',(-1.,0.,0.));
#1850=DIRECTION('center_axis',(0.,0.,-1.));
#1851=DIRECTION('ref_axis',(-1.,0.,0.));
#1852=DIRECTION('center_axis',(-0.707106781186547,0.,-0.707106781186548));
#1853=DIRECTION('ref_axis',(-0.707106781186548,0.,0.707106781186547));
#1854=DIRECTION('',(0.707106781186548,0.,-0.707106781186547));
#1855=DIRECTION('',(0.,-1.,0.));
#1856=DIRECTION('',(0.,1.,0.));
#1857=DIRECTION('center_axis',(0.,0.,1.));
#1858=DIRECTION('ref_axis',(0.,1.,0.));
#1859=DIRECTION('center_axis',(0.,0.,1.));
#1860=DIRECTION('ref_axis',(0.,1.,0.));
#1861=DIRECTION('center_axis',(0.,0.,-1.));
#1862=DIRECTION('ref_axis',(0.,1.,0.));
#1863=DIRECTION('center_axis',(0.,0.,1.));
#1864=DIRECTION('ref_axis',(0.,-1.,0.));
#1865=DIRECTION('',(0.,0.,1.));
#1866=DIRECTION('center_axis',(0.,0.,1.));
#1867=DIRECTION('ref_axis',(0.,-1.,0.));
#1868=DIRECTION('',(0.,0.,1.));
#1869=DIRECTION('center_axis',(1.,1.38777878078145E-16,0.));
#1870=DIRECTION('ref_axis',(-1.38777878078145E-16,1.,0.));
#1871=DIRECTION('',(0.,0.,1.));
#1872=DIRECTION('',(-1.38777878078145E-16,1.,0.));
#1873=DIRECTION('center_axis',(0.,0.,1.));
#1874=DIRECTION('ref_axis',(1.,-1.33226762955019E-15,0.));
#1875=DIRECTION('',(0.,0.,1.));
#1876=DIRECTION('center_axis',(0.,0.,1.));
#1877=DIRECTION('ref_axis',(1.,-1.33226762955019E-15,0.));
#1878=DIRECTION('center_axis',(0.,1.,0.));
#1879=DIRECTION('ref_axis',(-1.,0.,0.));
#1880=DIRECTION('',(0.,0.,1.));
#1881=DIRECTION('',(-1.,0.,0.));
#1882=DIRECTION('center_axis',(0.,0.,1.));
#1883=DIRECTION('ref_axis',(-1.,0.,0.));
#1884=DIRECTION('center_axis',(0.,-1.,0.));
#1885=DIRECTION('ref_axis',(1.,0.,0.));
#1886=DIRECTION('',(1.,0.,0.));
#1887=DIRECTION('',(0.,0.,1.));
#1888=DIRECTION('center_axis',(0.,0.,1.));
#1889=DIRECTION('ref_axis',(-1.,0.,0.));
#1890=DIRECTION('center_axis',(0.,0.,1.));
#1891=DIRECTION('ref_axis',(-1.,0.,0.));
#1892=DIRECTION('',(0.,0.,1.));
#1893=DIRECTION('center_axis',(-1.,0.,0.));
#1894=DIRECTION('ref_axis',(0.,-1.,0.));
#1895=DIRECTION('',(0.,1.,0.));
#1896=DIRECTION('',(0.,0.,1.));
#1897=DIRECTION('',(0.,1.,0.));
#1898=DIRECTION('',(0.,0.,1.));
#1899=DIRECTION('center_axis',(0.,0.,1.));
#1900=DIRECTION('ref_axis',(0.,1.,0.));
#1901=DIRECTION('center_axis',(0.,0.,-1.));
#1902=DIRECTION('ref_axis',(0.,1.,0.));
#1903=DIRECTION('',(0.,0.,1.));
#1904=DIRECTION('center_axis',(0.,0.,-1.));
#1905=DIRECTION('ref_axis',(0.,1.,0.));
#1906=DIRECTION('center_axis',(0.,1.,0.));
#1907=DIRECTION('ref_axis',(-1.,0.,0.));
#1908=DIRECTION('',(1.,0.,0.));
#1909=DIRECTION('',(0.,0.,1.));
#1910=DIRECTION('',(1.,0.,0.));
#1911=DIRECTION('center_axis',(0.,-1.,0.));
#1912=DIRECTION('ref_axis',(1.,0.,0.));
#1913=DIRECTION('',(-1.,0.,0.));
#1914=DIRECTION('',(0.,0.,1.));
#1915=DIRECTION('',(-1.,0.,0.));
#1916=DIRECTION('',(0.,0.,1.));
#1917=DIRECTION('center_axis',(0.,0.,1.));
#1918=DIRECTION('ref_axis',(-1.,0.,0.));
#1919=DIRECTION('center_axis',(0.,0.,-1.));
#1920=DIRECTION('ref_axis',(-1.,0.,0.));
#1921=DIRECTION('center_axis',(0.,0.,-1.));
#1922=DIRECTION('ref_axis',(-1.,0.,0.));
#1923=DIRECTION('center_axis',(0.,0.,1.));
#1924=DIRECTION('ref_axis',(1.,0.,0.));
#1925=DIRECTION('center_axis',(0.,0.,-1.));
#1926=DIRECTION('ref_axis',(0.,-1.,0.));
#1927=DIRECTION('',(1.38777878078145E-16,-1.,0.));
#1928=DIRECTION('center_axis',(0.,0.,-1.));
#1929=DIRECTION('ref_axis',(1.,-1.33226762955019E-15,0.));
#1930=DIRECTION('center_axis',(-1.,0.,0.));
#1931=DIRECTION('ref_axis',(0.,-1.,0.));
#1932=DIRECTION('',(0.,-1.,0.));
#1933=DIRECTION('',(0.,0.,1.));
#1934=DIRECTION('center_axis',(0.,0.,1.));
#1935=DIRECTION('ref_axis',(0.,1.,0.));
#1936=DIRECTION('center_axis',(0.,0.,1.));
#1937=DIRECTION('ref_axis',(0.,1.,0.));
#1938=DIRECTION('center_axis',(0.,0.,1.));
#1939=DIRECTION('ref_axis',(1.,-1.33226762955019E-15,0.));
#1940=DIRECTION('',(0.,0.,1.));
#1941=DIRECTION('center_axis',(0.,0.,-1.));
#1942=DIRECTION('ref_axis',(1.,-1.33226762955019E-15,0.));
#1943=DIRECTION('center_axis',(1.,1.38777878078145E-16,0.));
#1944=DIRECTION('ref_axis',(-1.38777878078145E-16,1.,0.));
#1945=DIRECTION('',(0.,0.,1.));
#1946=DIRECTION('',(1.38777878078145E-16,-1.,0.));
#1947=DIRECTION('center_axis',(0.,0.,1.));
#1948=DIRECTION('ref_axis',(0.,-1.,0.));
#1949=DIRECTION('center_axis',(0.,0.,-1.));
#1950=DIRECTION('ref_axis',(0.,-1.,0.));
#1951=DIRECTION('center_axis',(0.,0.,1.));
#1952=DIRECTION('ref_axis',(1.,0.,0.));
#1953=DIRECTION('center_axis',(0.,1.,0.));
#1954=DIRECTION('ref_axis',(1.,0.,0.));
#1955=DIRECTION('center_axis',(0.,-1.,0.));
#1956=DIRECTION('ref_axis',(-1.,6.12323399573677E-17,0.));
#1957=DIRECTION('center_axis',(-6.12323399573677E-17,-1.,0.));
#1958=DIRECTION('ref_axis',(-1.,6.12323399573677E-17,0.));
#1959=DIRECTION('center_axis',(6.12323399573677E-17,1.,0.));
#1960=DIRECTION('ref_axis',(-1.,6.12323399573677E-17,0.));
#1961=DIRECTION('',(-6.12323399573677E-17,-1.,0.));
#1962=DIRECTION('center_axis',(6.12323399573677E-17,1.,0.));
#1963=DIRECTION('ref_axis',(-1.,6.12323399573677E-17,0.));
#1964=DIRECTION('center_axis',(0.,-1.,0.));
#1965=DIRECTION('ref_axis',(-1.,0.,0.));
#1966=DIRECTION('center_axis',(0.,1.,0.));
#1967=DIRECTION('ref_axis',(1.,-1.83697019872103E-16,0.));
#1968=DIRECTION('center_axis',(1.83697019872103E-16,1.,0.));
#1969=DIRECTION('ref_axis',(1.,-1.83697019872103E-16,0.));
#1970=DIRECTION('center_axis',(-1.83697019872103E-16,-1.,0.));
#1971=DIRECTION('ref_axis',(1.,-1.83697019872103E-16,0.));
#1972=DIRECTION('',(1.83697019872103E-16,1.,0.));
#1973=DIRECTION('center_axis',(-1.83697019872103E-16,-1.,0.));
#1974=DIRECTION('ref_axis',(1.,-1.83697019872103E-16,0.));
#1975=DIRECTION('center_axis',(1.,0.,0.));
#1976=DIRECTION('ref_axis',(0.,-1.,0.));
#1977=DIRECTION('center_axis',(-1.,0.,0.));
#1978=DIRECTION('ref_axis',(0.,1.,0.));
#1979=DIRECTION('center_axis',(-1.,0.,0.));
#1980=DIRECTION('ref_axis',(0.,1.,0.));
#1981=DIRECTION('center_axis',(1.,0.,0.));
#1982=DIRECTION('ref_axis',(0.,1.,0.));
#1983=DIRECTION('',(-1.,0.,0.));
#1984=DIRECTION('center_axis',(1.,0.,0.));
#1985=DIRECTION('ref_axis',(0.,1.,0.));
#1986=CARTESIAN_POINT('',(0.,0.,0.));
#1987=CARTESIAN_POINT('Origin',(46.1,-20.7,21.));
#1988=CARTESIAN_POINT('',(37.9,-20.7,11.));
#1989=CARTESIAN_POINT('Origin',(42.,-20.7,11.));
#1990=CARTESIAN_POINT('Origin',(42.,-20.8,11.));
#1991=CARTESIAN_POINT('',(37.9,-20.8,11.));
#1992=CARTESIAN_POINT('Origin',(42.,-20.8,11.));
#1993=CARTESIAN_POINT('',(37.9,-20.8,11.));
#1994=CARTESIAN_POINT('Origin',(42.,-20.8,11.));
#1995=CARTESIAN_POINT('Origin',(21.3,-4.1,21.));
#1996=CARTESIAN_POINT('',(21.3,4.1,11.));
#1997=CARTESIAN_POINT('Origin',(21.3,4.75546492348533E-15,11.));
#1998=CARTESIAN_POINT('Origin',(21.2,4.76771139147681E-15,11.));
#1999=CARTESIAN_POINT('',(21.2,4.1,11.));
#2000=CARTESIAN_POINT('Origin',(21.2,4.76771139147681E-15,11.));
#2001=CARTESIAN_POINT('',(21.2,4.1,11.));
#2002=CARTESIAN_POINT('Origin',(21.2,4.76771139147681E-15,11.));
#2003=CARTESIAN_POINT('Origin',(37.9,20.7,21.));
#2004=CARTESIAN_POINT('',(46.1,20.7,11.));
#2005=CARTESIAN_POINT('Origin',(42.,20.7,11.));
#2006=CARTESIAN_POINT('Origin',(42.,20.8,11.));
#2007=CARTESIAN_POINT('',(46.1,20.8,11.));
#2008=CARTESIAN_POINT('Origin',(42.,20.8,11.));
#2009=CARTESIAN_POINT('',(46.1,20.8,11.));
#2010=CARTESIAN_POINT('Origin',(42.,20.8,11.));
#2011=CARTESIAN_POINT('Origin',(102.5,-4.85556258745442E-15,6.39783011373766));
#2012=CARTESIAN_POINT('',(102.5,-4.9960036108132E-15,6.39783011373766));
#2013=CARTESIAN_POINT('',(102.5,2.63542919971481,8.60921778321219));
#2014=CARTESIAN_POINT('',(102.5,-6.26975088528368,1.1368844583227));
#2015=CARTESIAN_POINT('',(104.5,-4.9960036108132E-15,6.39783011373766));
#2016=CARTESIAN_POINT('',(102.5,-4.9960036108132E-15,6.39783011373766));
#2017=CARTESIAN_POINT('',(104.5,2.63542919971481,8.60921778321219));
#2018=CARTESIAN_POINT('',(104.5,-4.85556258745442E-15,6.39783011373766));
#2019=CARTESIAN_POINT('',(102.5,2.63542919971481,8.60921778321219));
#2020=CARTESIAN_POINT('Origin',(102.5,-2.63542919971481,8.60921778321219));
#2021=CARTESIAN_POINT('',(102.5,-2.63542919971481,8.60921778321219));
#2022=CARTESIAN_POINT('',(102.5,-4.43714913590918,10.1210403171576));
#2023=CARTESIAN_POINT('',(104.5,-2.63542919971481,8.60921778321219));
#2024=CARTESIAN_POINT('',(102.5,-2.63542919971481,8.60921778321219));
#2025=CARTESIAN_POINT('',(104.5,-2.63542919971481,8.60921778321219));
#2026=CARTESIAN_POINT('Origin',(102.5,-7.7715611723761E-15,11.75));
#2027=CARTESIAN_POINT('',(102.5,-2.63542919971482,14.8907822167878));
#2028=CARTESIAN_POINT('Origin',(102.5,-7.7715611723761E-15,11.75));
#2029=CARTESIAN_POINT('',(104.5,-2.63542919971482,14.8907822167878));
#2030=CARTESIAN_POINT('',(102.5,-2.63542919971482,14.8907822167878));
#2031=CARTESIAN_POINT('Origin',(104.5,-7.7715611723761E-15,11.75));
#2032=CARTESIAN_POINT('Origin',(102.5,-9.43689570931383E-15,17.1021698862623));
#2033=CARTESIAN_POINT('',(102.5,-9.43689570931383E-15,17.1021698862623));
#2034=CARTESIAN_POINT('',(102.5,-8.9051800849985,9.62983656137285));
#2035=CARTESIAN_POINT('',(104.5,-9.43689570931383E-15,17.1021698862623));
#2036=CARTESIAN_POINT('',(102.5,-9.43689570931383E-15,17.1021698862623));
#2037=CARTESIAN_POINT('',(104.5,-9.43689570931383E-15,17.1021698862623));
#2038=CARTESIAN_POINT('Origin',(102.5,2.6354291997148,14.8907822167878));
#2039=CARTESIAN_POINT('',(102.5,2.6354291997148,14.8907822167878));
#2040=CARTESIAN_POINT('',(102.5,0.833709263520439,16.4026047507333));
#2041=CARTESIAN_POINT('',(104.5,2.6354291997148,14.8907822167878));
#2042=CARTESIAN_POINT('',(102.5,2.6354291997148,14.8907822167878));
#2043=CARTESIAN_POINT('',(104.5,2.6354291997148,14.8907822167878));
#2044=CARTESIAN_POINT('Origin',(102.5,-7.7715611723761E-15,11.75));
#2045=CARTESIAN_POINT('Origin',(102.5,-7.7715611723761E-15,11.75));
#2046=CARTESIAN_POINT('Origin',(104.5,-7.7715611723761E-15,11.75));
#2047=CARTESIAN_POINT('Origin',(104.5,-7.7715611723761E-15,11.75));
#2048=CARTESIAN_POINT('Origin',(23.5,9.32755551520619E-18,6.39783011373766));
#2049=CARTESIAN_POINT('',(23.5,0.,6.39783011373766));
#2050=CARTESIAN_POINT('',(23.5,-2.63542919971481,8.60921778321219));
#2051=CARTESIAN_POINT('',(23.5,6.26975088528367,1.1368844583227));
#2052=CARTESIAN_POINT('',(21.5,0.,6.39783011373766));
#2053=CARTESIAN_POINT('',(23.5,0.,6.39783011373766));
#2054=CARTESIAN_POINT('',(21.5,-2.63542919971481,8.60921778321219));
#2055=CARTESIAN_POINT('',(21.5,2.25752645861453E-17,6.39783011373766));
#2056=CARTESIAN_POINT('',(23.5,-2.63542919971481,8.60921778321219));
#2057=CARTESIAN_POINT('Origin',(23.5,2.63542919971481,8.60921778321219));
#2058=CARTESIAN_POINT('',(23.5,2.63542919971481,8.60921778321219));
#2059=CARTESIAN_POINT('',(23.5,4.43714913590917,10.1210403171576));
#2060=CARTESIAN_POINT('',(21.5,2.63542919971481,8.60921778321219));
#2061=CARTESIAN_POINT('',(23.5,2.63542919971481,8.60921778321219));
#2062=CARTESIAN_POINT('',(21.5,2.63542919971481,8.60921778321219));
#2063=CARTESIAN_POINT('Origin',(23.5,2.22044604925031E-15,11.75));
#2064=CARTESIAN_POINT('',(23.5,2.63542919971482,14.8907822167878));
#2065=CARTESIAN_POINT('Origin',(23.5,2.22044604925031E-15,11.75));
#2066=CARTESIAN_POINT('',(21.5,2.63542919971482,14.8907822167878));
#2067=CARTESIAN_POINT('',(23.5,2.63542919971482,14.8907822167878));
#2068=CARTESIAN_POINT('Origin',(21.5,2.22044604925031E-15,11.75));
#2069=CARTESIAN_POINT('Origin',(23.5,4.44089209850063E-15,17.1021698862623));
#2070=CARTESIAN_POINT('',(23.5,4.44089209850063E-15,17.1021698862623));
#2071=CARTESIAN_POINT('',(23.5,8.90518008499849,9.62983656137285));
#2072=CARTESIAN_POINT('',(21.5,4.44089209850063E-15,17.1021698862623));
#2073=CARTESIAN_POINT('',(23.5,4.44089209850063E-15,17.1021698862623));
#2074=CARTESIAN_POINT('',(21.5,4.44089209850063E-15,17.1021698862623));
#2075=CARTESIAN_POINT('Origin',(23.5,-2.63542919971481,14.8907822167878));
#2076=CARTESIAN_POINT('',(23.5,-2.63542919971481,14.8907822167878));
#2077=CARTESIAN_POINT('',(23.5,-0.833709263520442,16.4026047507333));
#2078=CARTESIAN_POINT('',(21.5,-2.63542919971481,14.8907822167878));
#2079=CARTESIAN_POINT('',(23.5,-2.63542919971481,14.8907822167878));
#2080=CARTESIAN_POINT('',(21.5,-2.63542919971481,14.8907822167878));
#2081=CARTESIAN_POINT('Origin',(23.5,2.22044604925031E-15,11.75));
#2082=CARTESIAN_POINT('Origin',(23.5,2.22044604925031E-15,11.75));
#2083=CARTESIAN_POINT('Origin',(21.5,2.22044604925031E-15,11.75));
#2084=CARTESIAN_POINT('Origin',(21.5,2.77555756156289E-15,11.75));
#2085=CARTESIAN_POINT('Origin',(84.,-18.5,11.75));
#2086=CARTESIAN_POINT('',(86.6354291997148,-18.5,8.60921778321219));
#2087=CARTESIAN_POINT('',(86.6354291997148,-18.5,14.8907822167878));
#2088=CARTESIAN_POINT('Origin',(84.,-18.5,11.75));
#2089=CARTESIAN_POINT('',(86.6354291997148,-20.5,8.60921778321219));
#2090=CARTESIAN_POINT('',(86.6354291997148,-18.5,8.60921778321219));
#2091=CARTESIAN_POINT('',(86.6354291997148,-20.5,14.8907822167878));
#2092=CARTESIAN_POINT('Origin',(84.,-20.5,11.75));
#2093=CARTESIAN_POINT('',(86.6354291997148,-18.5,14.8907822167878));
#2094=CARTESIAN_POINT('Origin',(84.,-18.5,17.1021698862623));
#2095=CARTESIAN_POINT('',(84.,-18.5,17.1021698862623));
#2096=CARTESIAN_POINT('',(71.1926887981603,-18.5,27.8487799920987));
#2097=CARTESIAN_POINT('',(84.,-20.5,17.1021698862623));
#2098=CARTESIAN_POINT('',(84.,-20.5,17.1021698862623));
#2099=CARTESIAN_POINT('',(84.,-18.5,17.1021698862623));
#2100=CARTESIAN_POINT('Origin',(81.3645708002852,-18.5,14.8907822167878));
#2101=CARTESIAN_POINT('',(81.3645708002852,-18.5,14.8907822167878));
#2102=CARTESIAN_POINT('',(61.4537994496414,-18.5,-1.81633867999263));
#2103=CARTESIAN_POINT('',(81.3645708002852,-20.5,14.8907822167878));
#2104=CARTESIAN_POINT('',(81.3645708002852,-20.5,14.8907822167878));
#2105=CARTESIAN_POINT('',(81.3645708002852,-18.5,14.8907822167878));
#2106=CARTESIAN_POINT('Origin',(84.,-18.5,11.75));
#2107=CARTESIAN_POINT('',(81.3645708002852,-18.5,8.6092177832122));
#2108=CARTESIAN_POINT('Origin',(84.,-18.5,11.75));
#2109=CARTESIAN_POINT('',(81.3645708002852,-20.5,8.6092177832122));
#2110=CARTESIAN_POINT('Origin',(84.,-20.5,11.75));
#2111=CARTESIAN_POINT('',(81.3645708002852,-18.5,8.6092177832122));
#2112=CARTESIAN_POINT('Origin',(84.,-18.5,6.39783011373766));
#2113=CARTESIAN_POINT('',(84.,-18.5,6.39783011373766));
#2114=CARTESIAN_POINT('',(68.5572595984455,-18.5,19.3558278890486));
#2115=CARTESIAN_POINT('',(84.,-20.5,6.39783011373766));
#2116=CARTESIAN_POINT('',(84.,-20.5,6.39783011373766));
#2117=CARTESIAN_POINT('',(84.,-18.5,6.39783011373766));
#2118=CARTESIAN_POINT('Origin',(86.6354291997148,-18.5,8.60921778321219));
#2119=CARTESIAN_POINT('',(66.724657849071,-18.5,-8.09790311356824));
#2120=CARTESIAN_POINT('',(86.6354291997148,-20.5,8.60921778321219));
#2121=CARTESIAN_POINT('Origin',(84.,-20.5,11.75));
#2122=CARTESIAN_POINT('Origin',(42.,-18.5,11.75));
#2123=CARTESIAN_POINT('',(39.3645708002852,-18.5,14.8907822167878));
#2124=CARTESIAN_POINT('',(39.3645708002852,-18.5,8.60921778321219));
#2125=CARTESIAN_POINT('Origin',(42.,-18.5,11.75));
#2126=CARTESIAN_POINT('',(39.3645708002852,-20.5,14.8907822167878));
#2127=CARTESIAN_POINT('',(39.3645708002852,-18.5,14.8907822167878));
#2128=CARTESIAN_POINT('',(39.3645708002852,-20.5,8.60921778321219));
#2129=CARTESIAN_POINT('Origin',(42.,-20.5,11.75));
#2130=CARTESIAN_POINT('',(39.3645708002852,-18.5,8.60921778321219));
#2131=CARTESIAN_POINT('Origin',(42.,-18.5,6.39783011373766));
#2132=CARTESIAN_POINT('',(42.,-18.5,6.39783011373766));
#2133=CARTESIAN_POINT('',(38.8805654639482,-18.5,9.01534648242036));
#2134=CARTESIAN_POINT('',(42.,-20.5,6.39783011373766));
#2135=CARTESIAN_POINT('',(42.,-20.5,6.39783011373766));
#2136=CARTESIAN_POINT('',(42.,-18.5,6.39783011373766));
#2137=CARTESIAN_POINT('Origin',(44.6354291997148,-18.5,8.60921778321219));
#2138=CARTESIAN_POINT('',(44.6354291997148,-18.5,8.60921778321219));
#2139=CARTESIAN_POINT('',(37.0479637145737,-18.5,2.24257829305996));
#2140=CARTESIAN_POINT('',(44.6354291997148,-20.5,8.60921778321219));
#2141=CARTESIAN_POINT('',(44.6354291997148,-20.5,8.60921778321219));
#2142=CARTESIAN_POINT('',(44.6354291997148,-18.5,8.60921778321219));
#2143=CARTESIAN_POINT('Origin',(42.,-18.5,11.75));
#2144=CARTESIAN_POINT('',(44.6354291997148,-18.5,14.8907822167878));
#2145=CARTESIAN_POINT('Origin',(42.,-18.5,11.75));
#2146=CARTESIAN_POINT('',(44.6354291997148,-20.5,14.8907822167878));
#2147=CARTESIAN_POINT('Origin',(42.,-20.5,11.75));
#2148=CARTESIAN_POINT('',(44.6354291997148,-18.5,14.8907822167878));
#2149=CARTESIAN_POINT('Origin',(42.,-18.5,17.1021698862623));
#2150=CARTESIAN_POINT('',(42.,-18.5,17.1021698862623));
#2151=CARTESIAN_POINT('',(41.5159946636631,-18.5,17.5082985854705));
#2152=CARTESIAN_POINT('',(42.,-20.5,17.1021698862623));
#2153=CARTESIAN_POINT('',(42.,-20.5,17.1021698862623));
#2154=CARTESIAN_POINT('',(42.,-18.5,17.1021698862623));
#2155=CARTESIAN_POINT('Origin',(39.3645708002852,-18.5,14.8907822167878));
#2156=CARTESIAN_POINT('',(31.7771053151441,-18.5,8.52414272663558));
#2157=CARTESIAN_POINT('',(39.3645708002852,-20.5,14.8907822167878));
#2158=CARTESIAN_POINT('Origin',(42.,-20.5,11.75));
#2159=CARTESIAN_POINT('Origin',(84.,18.5,11.75));
#2160=CARTESIAN_POINT('',(86.6354291997148,18.5,14.8907822167878));
#2161=CARTESIAN_POINT('',(86.6354291997148,18.5,8.60921778321219));
#2162=CARTESIAN_POINT('Origin',(84.,18.5,11.75));
#2163=CARTESIAN_POINT('',(86.6354291997148,20.5,14.8907822167878));
#2164=CARTESIAN_POINT('',(86.6354291997148,18.5,14.8907822167878));
#2165=CARTESIAN_POINT('',(86.6354291997148,20.5,8.60921778321219));
#2166=CARTESIAN_POINT('Origin',(84.,20.5,11.75));
#2167=CARTESIAN_POINT('',(86.6354291997148,18.5,8.60921778321219));
#2168=CARTESIAN_POINT('Origin',(84.,18.5,17.1021698862623));
#2169=CARTESIAN_POINT('',(84.,18.5,17.1021698862623));
#2170=CARTESIAN_POINT('',(80.5818742194957,18.5,19.970317968001));
#2171=CARTESIAN_POINT('',(84.,20.5,17.1021698862623));
#2172=CARTESIAN_POINT('',(84.,18.5,17.1021698862623));
#2173=CARTESIAN_POINT('',(84.,20.5,17.1021698862623));
#2174=CARTESIAN_POINT('Origin',(81.3645708002852,18.5,14.8907822167878));
#2175=CARTESIAN_POINT('',(81.3645708002852,18.5,14.8907822167878));
#2176=CARTESIAN_POINT('',(70.8429848709768,18.5,6.06212334410504));
#2177=CARTESIAN_POINT('',(81.3645708002852,20.5,14.8907822167878));
#2178=CARTESIAN_POINT('',(81.3645708002852,18.5,14.8907822167878));
#2179=CARTESIAN_POINT('',(81.3645708002852,20.5,14.8907822167878));
#2180=CARTESIAN_POINT('Origin',(84.,18.5,11.75));
#2181=CARTESIAN_POINT('',(81.3645708002852,18.5,8.6092177832122));
#2182=CARTESIAN_POINT('Origin',(84.,18.5,11.75));
#2183=CARTESIAN_POINT('',(81.3645708002852,20.5,8.6092177832122));
#2184=CARTESIAN_POINT('',(81.3645708002852,18.5,8.6092177832122));
#2185=CARTESIAN_POINT('Origin',(84.,20.5,11.75));
#2186=CARTESIAN_POINT('Origin',(84.,18.5,6.39783011373766));
#2187=CARTESIAN_POINT('',(84.,18.5,6.39783011373766));
#2188=CARTESIAN_POINT('',(77.9464450197809,18.5,11.4773658649509));
#2189=CARTESIAN_POINT('',(84.,20.5,6.39783011373766));
#2190=CARTESIAN_POINT('',(84.,18.5,6.39783011373766));
#2191=CARTESIAN_POINT('',(84.,20.5,6.39783011373766));
#2192=CARTESIAN_POINT('Origin',(86.6354291997148,18.5,8.60921778321219));
#2193=CARTESIAN_POINT('',(76.1138432704064,18.5,-0.219441089470567));
#2194=CARTESIAN_POINT('',(86.6354291997148,20.5,8.60921778321219));
#2195=CARTESIAN_POINT('Origin',(84.,20.5,11.75));
#2196=CARTESIAN_POINT('Origin',(42.,18.5,11.75));
#2197=CARTESIAN_POINT('',(39.3645708002852,18.5,8.60921778321219));
#2198=CARTESIAN_POINT('',(39.3645708002852,18.5,14.8907822167878));
#2199=CARTESIAN_POINT('Origin',(42.,18.5,11.75));
#2200=CARTESIAN_POINT('',(39.3645708002852,20.5,8.60921778321219));
#2201=CARTESIAN_POINT('',(39.3645708002852,18.5,8.60921778321219));
#2202=CARTESIAN_POINT('',(39.3645708002852,20.5,14.8907822167878));
#2203=CARTESIAN_POINT('Origin',(42.,20.5,11.75));
#2204=CARTESIAN_POINT('',(39.3645708002852,18.5,14.8907822167878));
#2205=CARTESIAN_POINT('Origin',(42.,18.5,6.39783011373766));
#2206=CARTESIAN_POINT('',(42.,18.5,6.39783011373766));
#2207=CARTESIAN_POINT('',(48.2697508852837,18.5,1.1368844583227));
#2208=CARTESIAN_POINT('',(42.,20.5,6.39783011373766));
#2209=CARTESIAN_POINT('',(42.,18.5,6.39783011373766));
#2210=CARTESIAN_POINT('',(42.,20.5,6.39783011373766));
#2211=CARTESIAN_POINT('Origin',(44.6354291997148,18.5,8.60921778321219));
#2212=CARTESIAN_POINT('',(44.6354291997148,18.5,8.60921778321219));
#2213=CARTESIAN_POINT('',(46.4371491359092,18.5,10.1210403171576));
#2214=CARTESIAN_POINT('',(44.6354291997148,20.5,8.60921778321219));
#2215=CARTESIAN_POINT('',(44.6354291997148,18.5,8.60921778321219));
#2216=CARTESIAN_POINT('',(44.6354291997148,20.5,8.60921778321219));
#2217=CARTESIAN_POINT('Origin',(42.,18.5,11.75));
#2218=CARTESIAN_POINT('',(44.6354291997148,18.5,14.8907822167878));
#2219=CARTESIAN_POINT('Origin',(42.,18.5,11.75));
#2220=CARTESIAN_POINT('',(44.6354291997148,20.5,14.8907822167878));
#2221=CARTESIAN_POINT('',(44.6354291997148,18.5,14.8907822167878));
#2222=CARTESIAN_POINT('Origin',(42.,20.5,11.75));
#2223=CARTESIAN_POINT('Origin',(42.,18.5,17.1021698862623));
#2224=CARTESIAN_POINT('',(42.,18.5,17.1021698862623));
#2225=CARTESIAN_POINT('',(50.9051800849985,18.5,9.62983656137285));
#2226=CARTESIAN_POINT('',(42.,20.5,17.1021698862623));
#2227=CARTESIAN_POINT('',(42.,18.5,17.1021698862623));
#2228=CARTESIAN_POINT('',(42.,20.5,17.1021698862623));
#2229=CARTESIAN_POINT('Origin',(39.3645708002852,18.5,14.8907822167878));
#2230=CARTESIAN_POINT('',(41.1662907364795,18.5,16.4026047507332));
#2231=CARTESIAN_POINT('',(39.3645708002852,20.5,14.8907822167878));
#2232=CARTESIAN_POINT('Origin',(42.,20.5,11.75));
#2233=CARTESIAN_POINT('Origin',(81.5,20.5,0.5));
#2234=CARTESIAN_POINT('',(100.,21.,1.));
#2235=CARTESIAN_POINT('',(100.,20.,0.));
#2236=CARTESIAN_POINT('',(100.,21.,1.));
#2237=CARTESIAN_POINT('',(26.,20.,0.));
#2238=CARTESIAN_POINT('',(81.5,20.,0.));
#2239=CARTESIAN_POINT('',(26.,21.,1.));
#2240=CARTESIAN_POINT('',(26.,20.,0.));
#2241=CARTESIAN_POINT('',(81.5,21.,1.));
#2242=CARTESIAN_POINT('Origin',(100.,16.,0.5));
#2243=CARTESIAN_POINT('',(105.,16.,1.));
#2244=CARTESIAN_POINT('',(104.,16.,0.));
#2245=CARTESIAN_POINT('',(105.,16.,1.));
#2246=CARTESIAN_POINT('Origin',(100.,16.,0.));
#2247=CARTESIAN_POINT('Origin',(100.,16.,1.));
#2248=CARTESIAN_POINT('Origin',(104.5,1.25,0.5));
#2249=CARTESIAN_POINT('',(105.,-16.,1.));
#2250=CARTESIAN_POINT('',(104.,-16.,0.));
#2251=CARTESIAN_POINT('',(105.,-16.,1.));
#2252=CARTESIAN_POINT('',(104.,1.25,0.));
#2253=CARTESIAN_POINT('',(105.,1.25,1.));
#2254=CARTESIAN_POINT('Origin',(100.,-16.,0.5));
#2255=CARTESIAN_POINT('',(100.,-21.,1.));
#2256=CARTESIAN_POINT('',(100.,-20.,0.));
#2257=CARTESIAN_POINT('',(100.,-21.,1.));
#2258=CARTESIAN_POINT('Origin',(100.,-16.,0.));
#2259=CARTESIAN_POINT('Origin',(100.,-16.,1.));
#2260=CARTESIAN_POINT('Origin',(44.5,-20.5,0.5));
#2261=CARTESIAN_POINT('',(26.,-21.,1.));
#2262=CARTESIAN_POINT('',(26.,-20.,0.));
#2263=CARTESIAN_POINT('',(26.,-21.,1.));
#2264=CARTESIAN_POINT('',(44.5,-20.,0.));
#2265=CARTESIAN_POINT('',(44.5,-21.,1.));
#2266=CARTESIAN_POINT('Origin',(26.,-16.,0.5));
#2267=CARTESIAN_POINT('',(21.,-16.,1.));
#2268=CARTESIAN_POINT('',(22.,-16.,0.));
#2269=CARTESIAN_POINT('',(21.,-16.,1.));
#2270=CARTESIAN_POINT('Origin',(26.,-16.,0.));
#2271=CARTESIAN_POINT('Origin',(26.,-16.,1.));
#2272=CARTESIAN_POINT('Origin',(21.5,17.25,0.5));
#2273=CARTESIAN_POINT('',(21.,16.,1.));
#2274=CARTESIAN_POINT('',(22.,16.,0.));
#2275=CARTESIAN_POINT('',(21.,16.,1.));
#2276=CARTESIAN_POINT('',(22.,17.25,0.));
#2277=CARTESIAN_POINT('',(21.,17.25,1.));
#2278=CARTESIAN_POINT('Origin',(26.,16.,0.5));
#2279=CARTESIAN_POINT('Origin',(26.,16.,0.));
#2280=CARTESIAN_POINT('Origin',(26.,16.,1.));
#2281=CARTESIAN_POINT('Origin',(100.,-16.,0.));
#2282=CARTESIAN_POINT('',(105.,-16.,21.));
#2283=CARTESIAN_POINT('',(105.,-16.,0.));
#2284=CARTESIAN_POINT('',(100.,-21.,21.));
#2285=CARTESIAN_POINT('Origin',(100.,-16.,21.));
#2286=CARTESIAN_POINT('',(100.,-21.,0.));
#2287=CARTESIAN_POINT('Origin',(105.,-16.,0.));
#2288=CARTESIAN_POINT('',(105.,16.,21.));
#2289=CARTESIAN_POINT('',(105.,16.,0.));
#2290=CARTESIAN_POINT('',(105.,-16.,21.));
#2291=CARTESIAN_POINT('Origin',(100.,16.,0.));
#2292=CARTESIAN_POINT('',(100.,21.,21.));
#2293=CARTESIAN_POINT('',(100.,21.,0.));
#2294=CARTESIAN_POINT('Origin',(100.,16.,21.));
#2295=CARTESIAN_POINT('Origin',(100.,21.,0.));
#2296=CARTESIAN_POINT('',(26.,21.,21.));
#2297=CARTESIAN_POINT('',(26.,21.,0.));
#2298=CARTESIAN_POINT('',(100.,21.,21.));
#2299=CARTESIAN_POINT('Origin',(63.,18.5,0.));
#2300=CARTESIAN_POINT('Origin',(26.,-21.,0.));
#2301=CARTESIAN_POINT('',(26.,-21.,21.));
#2302=CARTESIAN_POINT('',(26.,-21.,21.));
#2303=CARTESIAN_POINT('',(26.,-21.,0.));
#2304=CARTESIAN_POINT('Origin',(26.,-16.,0.));
#2305=CARTESIAN_POINT('',(21.,-16.,21.));
#2306=CARTESIAN_POINT('Origin',(26.,-16.,21.));
#2307=CARTESIAN_POINT('',(21.,-16.,0.));
#2308=CARTESIAN_POINT('Origin',(23.5,16.,0.));
#2309=CARTESIAN_POINT('',(23.5,16.,2.5));
#2310=CARTESIAN_POINT('',(23.5,-16.,2.5));
#2311=CARTESIAN_POINT('',(23.5,8.,2.5));
#2312=CARTESIAN_POINT('',(23.5,16.,21.));
#2313=CARTESIAN_POINT('',(23.5,16.,0.));
#2314=CARTESIAN_POINT('',(23.5,-16.,21.));
#2315=CARTESIAN_POINT('',(23.5,8.,21.));
#2316=CARTESIAN_POINT('',(23.5,-16.,0.));
#2317=CARTESIAN_POINT('Origin',(26.,16.,0.));
#2318=CARTESIAN_POINT('',(26.,18.5,2.5));
#2319=CARTESIAN_POINT('Origin',(26.,16.,2.5));
#2320=CARTESIAN_POINT('',(26.,18.5,21.));
#2321=CARTESIAN_POINT('',(26.,18.5,0.));
#2322=CARTESIAN_POINT('Origin',(26.,16.,21.));
#2323=CARTESIAN_POINT('Origin',(58.,18.5,0.));
#2324=CARTESIAN_POINT('',(100.,18.5,2.5));
#2325=CARTESIAN_POINT('',(92.,18.5,2.5));
#2326=CARTESIAN_POINT('',(100.,18.5,21.));
#2327=CARTESIAN_POINT('',(100.,18.5,0.));
#2328=CARTESIAN_POINT('',(50.,18.5,21.));
#2329=CARTESIAN_POINT('Origin',(26.,-18.5,0.));
#2330=CARTESIAN_POINT('',(26.,-18.5,2.5));
#2331=CARTESIAN_POINT('',(100.,-18.5,2.5));
#2332=CARTESIAN_POINT('',(34.,-18.5,2.5));
#2333=CARTESIAN_POINT('',(26.,-18.5,21.));
#2334=CARTESIAN_POINT('',(26.,-18.5,0.));
#2335=CARTESIAN_POINT('',(100.,-18.5,21.));
#2336=CARTESIAN_POINT('',(76.,-18.5,21.));
#2337=CARTESIAN_POINT('',(100.,-18.5,0.));
#2338=CARTESIAN_POINT('Origin',(26.,-16.,0.));
#2339=CARTESIAN_POINT('Origin',(26.,-16.,2.5));
#2340=CARTESIAN_POINT('Origin',(26.,-16.,21.));
#2341=CARTESIAN_POINT('Origin',(42.,0.,2.5));
#2342=CARTESIAN_POINT('',(102.5,-16.,2.5));
#2343=CARTESIAN_POINT('Origin',(100.,-16.,2.5));
#2344=CARTESIAN_POINT('',(102.5,16.,2.5));
#2345=CARTESIAN_POINT('',(102.5,-8.,2.5));
#2346=CARTESIAN_POINT('Origin',(100.,16.,2.5));
#2347=CARTESIAN_POINT('Origin',(21.,16.,0.));
#2348=CARTESIAN_POINT('',(21.,16.,21.));
#2349=CARTESIAN_POINT('',(21.,16.,21.));
#2350=CARTESIAN_POINT('',(21.,16.,0.));
#2351=CARTESIAN_POINT('Origin',(26.,16.,0.));
#2352=CARTESIAN_POINT('Origin',(26.,16.,21.));
#2353=CARTESIAN_POINT('Origin',(100.,16.,0.));
#2354=CARTESIAN_POINT('',(102.5,16.,21.));
#2355=CARTESIAN_POINT('',(102.5,16.,0.));
#2356=CARTESIAN_POINT('Origin',(100.,16.,21.));
#2357=CARTESIAN_POINT('Origin',(102.5,-16.,0.));
#2358=CARTESIAN_POINT('',(102.5,-16.,21.));
#2359=CARTESIAN_POINT('',(102.5,-16.,0.));
#2360=CARTESIAN_POINT('',(102.5,-8.,21.));
#2361=CARTESIAN_POINT('Origin',(100.,-16.,0.));
#2362=CARTESIAN_POINT('Origin',(100.,-16.,21.));
#2363=CARTESIAN_POINT('Origin',(84.,0.,21.));
#2364=CARTESIAN_POINT('Origin',(79.9,20.7,21.));
#2365=CARTESIAN_POINT('',(88.1,20.7,11.));
#2366=CARTESIAN_POINT('Origin',(84.,20.7,11.));
#2367=CARTESIAN_POINT('Origin',(84.,20.8,11.));
#2368=CARTESIAN_POINT('',(88.1,20.8,11.));
#2369=CARTESIAN_POINT('Origin',(84.,20.8,11.));
#2370=CARTESIAN_POINT('',(88.1,20.8,11.));
#2371=CARTESIAN_POINT('Origin',(84.,20.8,11.));
#2372=CARTESIAN_POINT('Origin',(88.1,-20.7,21.));
#2373=CARTESIAN_POINT('',(79.9,-20.7,11.));
#2374=CARTESIAN_POINT('Origin',(84.,-20.7,11.));
#2375=CARTESIAN_POINT('Origin',(84.,-20.8,11.));
#2376=CARTESIAN_POINT('',(79.9,-20.8,11.));
#2377=CARTESIAN_POINT('Origin',(84.,-20.8,11.));
#2378=CARTESIAN_POINT('',(79.9,-20.8,11.));
#2379=CARTESIAN_POINT('Origin',(84.,-20.8,11.));
#2380=CARTESIAN_POINT('Origin',(104.7,4.1,21.));
#2381=CARTESIAN_POINT('',(104.7,-4.1,11.));
#2382=CARTESIAN_POINT('Origin',(104.7,-2.22044604925031E-15,11.));
#2383=CARTESIAN_POINT('Origin',(104.8,-2.22044604925031E-15,11.));
#2384=CARTESIAN_POINT('',(104.8,-4.1,11.));
#2385=CARTESIAN_POINT('Origin',(104.8,-2.22044604925031E-15,11.));
#2386=CARTESIAN_POINT('',(104.8,-4.1,11.));
#2387=CARTESIAN_POINT('Origin',(104.8,-2.22044604925031E-15,11.));
#2388=UNCERTAINTY_MEASURE_WITH_UNIT(LENGTH_MEASURE(0.01),#2392,
'DISTANCE_ACCURACY_VALUE',
'Maximum model space distance between geometric entities at asserted c
onnectivities');
#2389=UNCERTAINTY_MEASURE_WITH_UNIT(LENGTH_MEASURE(0.01),#2392,
'DISTANCE_ACCURACY_VALUE',
'Maximum model space distance between geometric entities at asserted c
onnectivities');
#2390=(
GEOMETRIC_REPRESENTATION_CONTEXT(3)
GLOBAL_UNCERTAINTY_ASSIGNED_CONTEXT((#2388))
GLOBAL_UNIT_ASSIGNED_CONTEXT((#2392,#2394,#2395))
REPRESENTATION_CONTEXT('','3D')
);
#2391=(
GEOMETRIC_REPRESENTATION_CONTEXT(3)
GLOBAL_UNCERTAINTY_ASSIGNED_CONTEXT((#2389))
GLOBAL_UNIT_ASSIGNED_CONTEXT((#2392,#2394,#2395))
REPRESENTATION_CONTEXT('','3D')
);
#2392=(
LENGTH_UNIT()
NAMED_UNIT(*)
SI_UNIT(.MILLI.,.METRE.)
);
#2393=(
LENGTH_UNIT()
NAMED_UNIT(*)
SI_UNIT($,.METRE.)
);
#2394=(
NAMED_UNIT(*)
PLANE_ANGLE_UNIT()
SI_UNIT($,.RADIAN.)
);
#2395=(
NAMED_UNIT(*)
SI_UNIT($,.STERADIAN.)
SOLID_ANGLE_UNIT()
);
#2396=SHAPE_DEFINITION_REPRESENTATION(#2397,#2398);
#2397=PRODUCT_DEFINITION_SHAPE('',$,#2400);
#2398=SHAPE_REPRESENTATION('',(#1420),#2390);
#2399=PRODUCT_DEFINITION_CONTEXT('part definition',#2404,'design');
#2400=PRODUCT_DEFINITION('MagGrid','MagGrid v7',#2401,#2399);
#2401=PRODUCT_DEFINITION_FORMATION('',$,#2406);
#2402=PRODUCT_RELATED_PRODUCT_CATEGORY('MagGrid v7','MagGrid v7',(#2406));
#2403=APPLICATION_PROTOCOL_DEFINITION('international standard',
'automotive_design',2009,#2404);
#2404=APPLICATION_CONTEXT(
'Core Data for Automotive Mechanical Design Process');
#2405=PRODUCT_CONTEXT('part definition',#2404,'mechanical');
#2406=PRODUCT('MagGrid','MagGrid v7',$,(#2405));
#2407=PRESENTATION_STYLE_ASSIGNMENT((#2408));
#2408=SURFACE_STYLE_USAGE(.BOTH.,#2409);
#2409=SURFACE_SIDE_STYLE('',(#2410));
#2410=SURFACE_STYLE_FILL_AREA(#2411);
#2411=FILL_AREA_STYLE('Steel - Satin',(#2412));
#2412=FILL_AREA_STYLE_COLOUR('Steel - Satin',#2413);
#2413=COLOUR_RGB('Steel - Satin',0.627450980392157,0.627450980392157,0.627450980392157);
ENDSEC;
END-ISO-10303-21;
